country_name,country_code,region,year,suicides_no,population,suicide_rate_per_100k
Albania,AL,Europe,1987,73,225800.0,2.654166666666667
Albania,AL,Europe,1988,63,230358.33333333334,2.705
Albania,AL,Europe,1989,68,233591.66666666666,2.783333333333333
Albania,AL,Europe,1992,47,235208.33333333334,1.5
Albania,AL,Europe,1993,73,233941.66666666666,2.7133333333333334
Albania,AL,Europe,1994,50,237441.66666666666,2.6816666666666666
Albania,AL,Europe,1995,88,241950.0,3.3791666666666664
Albania,AL,Europe,1996,89,245016.66666666666,3.635
Albania,AL,Europe,1997,170,248108.33333333334,6.452500000000001
Albania,AL,Europe,1998,154,251058.33333333334,5.543333333333333
Albania,AL,Europe,1999,139,252475.0,5.8175
Albania,AL,Europe,2000,54,233025.0,2.558333333333333
Albania,AL,Europe,2001,119,233279.08333333334,4.218333333333334
Albania,AL,Europe,2002,133,234903.25,5.2091666666666665
Albania,AL,Europe,2003,124,236994.08333333334,4.883333333333334
Albania,AL,Europe,2004,146,239582.58333333334,5.449166666666667
Albania,AL,Europe,2005,0,231943.33333333334,0.0
Albania,AL,Europe,2006,0,231681.33333333334,0.0
Albania,AL,Europe,2007,124,230862.0,5.4875
Albania,AL,Europe,2008,160,229754.91666666666,5.920833333333333
Albania,AL,Europe,2009,0,228811.25,0.0
Albania,AL,Europe,2010,96,228002.08333333334,3.4716666666666662
Antigua and Barbuda,AN,Americas,1985,0,5214.5,0.0
Antigua and Barbuda,AN,Americas,1986,0,5105.833333333333,0.0
Antigua and Barbuda,AN,Americas,1987,0,5021.75,0.0
Antigua and Barbuda,AN,Americas,1988,0,4963.666666666667,0.0
Antigua and Barbuda,AN,Americas,1989,0,4936.5,0.0
Antigua and Barbuda,AN,Americas,1990,1,4944.5,1.4366666666666665
Antigua and Barbuda,AN,Americas,1991,0,5032.833333333333,0.0
Antigua and Barbuda,AN,Americas,1992,0,5145.083333333333,0.0
Antigua and Barbuda,AN,Americas,1993,1,5276.25,1.25
Antigua and Barbuda,AN,Americas,1994,0,5420.333333333333,0.0
Antigua and Barbuda,AN,Americas,1995,0,5570.5,0.0
Antigua and Barbuda,AN,Americas,1998,0,6018.75,0.0
Antigua and Barbuda,AN,Americas,1999,0,6152.666666666667,0.0
Antigua and Barbuda,AN,Americas,2000,2,6277.166666666667,3.330833333333333
Antigua and Barbuda,AN,Americas,2001,2,6374.75,1.6208333333333333
Antigua and Barbuda,AN,Americas,2002,0,6465.666666666667,0.0
Antigua and Barbuda,AN,Americas,2003,1,6554.833333333333,2.3183333333333334
Antigua and Barbuda,AN,Americas,2004,2,6643.5,3.0050000000000003
Antigua and Barbuda,AN,Americas,2005,0,6734.083333333333,0.0
Antigua and Barbuda,AN,Americas,2006,0,6831.083333333333,0.0
Antigua and Barbuda,AN,Americas,2007,1,6927.583333333333,0.665
Antigua and Barbuda,AN,Americas,2008,0,7022.75,0.0
Antigua and Barbuda,AN,Americas,2009,0,7117.083333333333,0.0
Antigua and Barbuda,AN,Americas,2012,0,7391.916666666667,0.0
Antigua and Barbuda,AN,Americas,2013,0,7481.583333333333,0.0
Antigua and Barbuda,AN,Americas,2014,0,7569.75,0.0
Antigua and Barbuda,AN,Americas,2015,1,7657.416666666667,1.3016666666666665
Argentina,AR,Americas,1985,1988,2257566.6666666665,11.205833333333333
Argentina,AR,Americas,1986,2284,2270366.6666666665,12.741666666666667
Argentina,AR,Americas,1987,2286,2299950.0,12.081666666666665
Argentina,AR,Americas,1988,2354,2359000.0,12.186666666666667
Argentina,AR,Americas,1989,2247,2391833.3333333335,11.5775
Argentina,AR,Americas,1990,2140,2424258.3333333335,11.241666666666667
Argentina,AR,Americas,1991,1951,2468583.3333333335,9.936666666666666
Argentina,AR,Americas,1992,2184,2503783.3333333335,10.571666666666667
Argentina,AR,Americas,1993,2230,2539791.6666666665,11.230833333333335
Argentina,AR,Americas,1994,2241,2575933.3333333335,10.170833333333333
Argentina,AR,Americas,1995,2204,2612116.6666666665,9.9975
Argentina,AR,Americas,1996,2229,2648391.6666666665,9.835833333333333
Argentina,AR,Americas,1997,2184,2694481.75,9.283333333333333
Argentina,AR,Americas,1998,2347,2729771.5833333335,9.744166666666667
Argentina,AR,Americas,1999,2423,2764571.8333333335,9.765833333333333
Argentina,AR,Americas,2000,2774,2798794.4166666665,10.949166666666665
Argentina,AR,Americas,2001,3132,2834245.5,11.963333333333333
Argentina,AR,Americas,2002,3162,2867292.25,11.618333333333334
Argentina,AR,Americas,2003,3289,2898825.5833333335,12.190833333333332
Argentina,AR,Americas,2004,3121,2930245.4166666665,10.921666666666667
Argentina,AR,Americas,2005,3058,2962551.4166666665,10.681666666666667
Argentina,AR,Americas,2006,3108,2993240.5,10.685
Argentina,AR,Americas,2007,2946,3026291.0,9.862499999999999
Argentina,AR,Americas,2008,3059,3061126.6666666665,9.8425
Argentina,AR,Americas,2009,2884,3096500.0833333335,8.943333333333333
Argentina,AR,Americas,2010,2943,3131537.8333333335,9.27
Argentina,AR,Americas,2011,2912,3167978.25,8.8225
Argentina,AR,Americas,2012,3248,3203481.5,9.985
Argentina,AR,Americas,2013,2987,3238260.4166666665,8.618333333333334
Argentina,AR,Americas,2014,3231,3273046.25,9.279166666666667
Argentina,AR,Americas,2015,3073,3308302.0,9.344166666666666
Australia,AU,Oceania,1985,1861,1213541.6666666667,13.6175
Australia,AU,Oceania,1986,2044,1234150.0,14.649166666666666
Australia,AU,Oceania,1987,2164,1253875.0,15.735
Australia,AU,Oceania,1988,2172,1276008.3333333333,14.943333333333333
Australia,AU,Oceania,1989,2066,1297550.0,14.009166666666667
Australia,AU,Oceania,1990,2202,1317250.0,14.362499999999999
Australia,AU,Oceania,1991,2288,1334341.6666666667,15.012500000000001
Australia,AU,Oceania,1992,2251,1350291.6666666667,14.22
Australia,AU,Oceania,1993,2038,1364166.6666666667,12.912500000000001
Australia,AU,Oceania,1994,2283,1379116.6666666667,13.979166666666666
Australia,AU,Oceania,1995,2170,1397191.6666666667,12.9325
Australia,AU,Oceania,1996,2426,1417925.0,14.611666666666666
Australia,AU,Oceania,1997,2646,1435108.3333333333,15.5775
Australia,AU,Oceania,1998,2632,1451810.8333333333,14.700833333333334
Australia,AU,Oceania,1999,2488,1470141.8333333333,13.929166666666667
Australia,AU,Oceania,2000,2391,1489534.1666666667,13.151666666666666
Australia,AU,Oceania,2001,2458,1510906.9166666667,13.2325
Australia,AU,Oceania,2002,2319,1530838.1666666667,12.056666666666667
Australia,AU,Oceania,2003,2156,1550669.0833333333,11.153333333333334
Australia,AU,Oceania,2004,2114,1571212.5833333333,11.146666666666667
Australia,AU,Oceania,2006,2117,1592437.1666666667,10.6575
Australia,AU,Oceania,2007,2229,1644535.8333333333,10.854166666666666
Australia,AU,Oceania,2008,2341,1676692.6666666667,10.874166666666667
Australia,AU,Oceania,2009,2337,1710776.4166666667,10.843333333333334
Australia,AU,Oceania,2010,2420,1737295.5833333333,11.053333333333335
Australia,AU,Oceania,2011,2392,1740159.1666666667,11.101666666666667
Australia,AU,Oceania,2012,2580,1769909.0833333333,11.630833333333333
Australia,AU,Oceania,2013,2608,1800015.0,11.565
Australia,AU,Oceania,2014,2891,1827298.9166666667,12.4225
Australia,AU,Oceania,2015,3027,1853398.75,12.848333333333334
Azerbaijan,AZ,Asia,1990,114,513066.6666666667,2.0508333333333333
Azerbaijan,AZ,Asia,1991,134,524216.6666666667,2.685833333333333
Azerbaijan,AZ,Asia,1992,144,530866.6666666666,2.8983333333333334
Azerbaijan,AZ,Asia,1993,119,536883.3333333334,2.6266666666666665
Azerbaijan,AZ,Asia,1994,47,543433.3333333334,1.0033333333333332
Azerbaijan,AZ,Asia,1995,49,550491.6666666666,1.1900000000000002
Azerbaijan,AZ,Asia,1996,69,555675.0,1.4858333333333336
Azerbaijan,AZ,Asia,1997,107,559266.6666666666,1.5491666666666666
Azerbaijan,AZ,Asia,1998,56,587033.3333333334,0.8891666666666667
Azerbaijan,AZ,Asia,1999,54,592200.0,0.715
Azerbaijan,AZ,Asia,2000,62,617937.5,1.2008333333333334
Azerbaijan,AZ,Asia,2001,317,626500.0,5.004166666666666
Azerbaijan,AZ,Asia,2002,92,633808.3333333334,1.6183333333333332
Azerbaijan,AZ,Asia,2003,129,639533.3333333334,2.2558333333333334
Azerbaijan,AZ,Asia,2004,108,644854.1666666666,1.5274999999999999
Azerbaijan,AZ,Asia,2007,55,660091.6666666666,0.9858333333333333
Bahamas,BA,Americas,1985,1,16975.0,0.39666666666666667
Bahamas,BA,Americas,1987,3,18408.333333333332,1.1325
Bahamas,BA,Americas,1993,7,20291.666666666668,3.125833333333333
Bahamas,BA,Americas,1994,3,20775.0,0.8833333333333333
Bahamas,BA,Americas,1995,2,21208.333333333332,0.5966666666666667
Bahamas,BA,Americas,1996,3,21036.5,0.8183333333333334
Bahamas,BA,Americas,1997,2,21329.666666666668,0.5958333333333333
Bahamas,BA,Americas,1998,3,21677.083333333332,0.9241666666666667
Bahamas,BA,Americas,1999,6,22065.916666666668,1.9133333333333333
Bahamas,BA,Americas,2000,11,22478.166666666668,3.388333333333333
Bahamas,BA,Americas,2001,1,23011.666666666668,0.22333333333333336
Bahamas,BA,Americas,2002,3,23546.25,0.8308333333333332
Bahamas,BA,Americas,2003,1,24074.0,0.20750000000000002
Bahamas,BA,Americas,2004,2,24603.083333333332,0.49416666666666664
Bahamas,BA,Americas,2005,4,25146.916666666668,1.11
Bahamas,BA,Americas,2006,2,25708.25,0.47000000000000003
Bahamas,BA,Americas,2007,5,26249.083333333332,1.1183333333333334
Bahamas,BA,Americas,2008,4,26787.25,1.0408333333333333
Bahamas,BA,Americas,2009,6,27317.75,1.3316666666666668
Bahamas,BA,Americas,2010,10,27822.416666666668,4.86
Bahamas,BA,Americas,2011,4,28198.583333333332,1.0825
Bahamas,BA,Americas,2012,5,28629.833333333332,0.9866666666666667
Bahamas,BA,Americas,2013,5,29079.916666666668,1.1591666666666667
Belarus,BE,Europe,1990,2085,784066.6666666666,22.864166666666666
Belarus,BE,Europe,1991,2169,789683.3333333334,24.80333333333333
Belarus,BE,Europe,1992,2424,797575.0,26.186666666666667
Belarus,BE,Europe,1993,2885,803425.0,30.425833333333333
Belarus,BE,Europe,1994,3153,804491.6666666666,33.63166666666667
Belarus,BE,Europe,1995,3203,806133.3333333334,33.6675
Belarus,BE,Europe,1996,3627,807066.6666666666,37.975833333333334
Belarus,BE,Europe,1997,3526,807675.0,37.208333333333336
Belarus,BE,Europe,1998,3556,807900.0,37.97
Belarus,BE,Europe,1999,3397,796933.3333333334,37.53
Belarus,BE,Europe,2000,3483,795289.9166666666,37.275
Belarus,BE,Europe,2001,3303,792798.9166666666,34.97083333333333
Belarus,BE,Europe,2002,3291,789102.8333333334,34.25
Belarus,BE,Europe,2003,3456,785057.5833333334,37.071666666666665
Belarus,BE,Europe,2007,2659,770371.3333333334,29.6575
Belarus,BE,Europe,2008,2658,767145.5,29.346666666666664
Belarus,BE,Europe,2009,2743,764164.0833333334,31.295
Belarus,BE,Europe,2010,2459,748432.75,27.665000000000003
Belarus,BE,Europe,2011,2172,745610.0,24.94666666666667
Belarus,BE,Europe,2013,1902,742520.0,22.776666666666667
Belarus,BE,Europe,2014,1741,742248.0833333334,21.075833333333332
Bosnia and Herzegovina,BO,Europe,2011,5,306109.3333333333,0.10916666666666668
Bosnia and Herzegovina,BO,Europe,2014,313,304514.0833333333,9.125
Brazil,BR,Americas,1985,4228,9789908.333333334,4.931666666666667
Brazil,BR,Americas,1986,4271,9898033.333333334,4.763333333333333
Brazil,BR,Americas,1987,4672,10235205.583333334,5.843333333333334
Brazil,BR,Americas,1988,4466,10475107.833333334,5.446666666666666
Brazil,BR,Americas,1989,4463,10714192.333333334,5.335
Brazil,BR,Americas,1990,4803,10948962.75,5.588333333333334
Brazil,BR,Americas,1991,5156,11190154.166666666,5.695
Brazil,BR,Americas,1992,5207,11417251.75,5.41
Brazil,BR,Americas,1993,5508,11634623.083333334,5.655
Brazil,BR,Americas,1994,5896,11849037.5,5.959166666666667
Brazil,BR,Americas,1995,6536,12065299.25,6.27
Brazil,BR,Americas,1996,6698,12279427.5,6.110833333333333
Brazil,BR,Americas,1997,6891,12494385.583333334,6.3999999999999995
Brazil,BR,Americas,1998,6922,12710359.25,6.254166666666666
Brazil,BR,Americas,1999,6507,12926839.416666666,5.637499999999999
Brazil,BR,Americas,2000,6763,13142999.25,5.685833333333334
Brazil,BR,Americas,2001,7710,13348233.0,6.1241666666666665
Brazil,BR,Americas,2002,7697,13563451.166666666,5.814166666666666
Brazil,BR,Americas,2003,7839,13783075.916666666,5.672499999999999
Brazil,BR,Americas,2004,7995,13999422.333333334,5.851666666666667
Brazil,BR,Americas,2005,8529,14206996.666666666,6.133333333333333
Brazil,BR,Americas,2006,8618,14414560.166666666,5.824999999999999
Brazil,BR,Americas,2007,8855,14607766.0,5.973333333333334
Brazil,BR,Americas,2008,9184,14789302.666666666,6.017499999999999
Brazil,BR,Americas,2009,9346,14964129.25,5.864166666666667
Brazil,BR,Americas,2010,9429,15135809.333333334,6.060833333333334
Brazil,BR,Americas,2011,9822,15304703.416666666,6.034166666666667
Brazil,BR,Americas,2012,10295,15465934.583333334,6.204166666666667
Brazil,BR,Americas,2013,10513,15621571.0,6.1175
Brazil,BR,Americas,2014,10631,15773796.166666666,6.094166666666666
Brazil,BR,Americas,2015,11163,15923923.75,6.454166666666667
Bulgaria,BU,Europe,1985,1456,699375.0,25.26
Bulgaria,BU,Europe,1986,1408,699291.6666666666,22.956666666666667
Bulgaria,BU,Europe,1987,1492,697950.0,25.7
Bulgaria,BU,Europe,1988,1452,699150.0,24.374166666666667
Bulgaria,BU,Europe,1989,1460,700266.6666666666,24.349166666666665
Bulgaria,BU,Europe,1990,1323,701541.6666666666,21.36916666666667
Bulgaria,BU,Europe,1991,1384,702658.3333333334,22.411666666666665
Bulgaria,BU,Europe,1992,1519,670125.0,25.883333333333336
Bulgaria,BU,Europe,1993,1470,666750.0,23.19666666666667
Bulgaria,BU,Europe,1994,1464,666291.6666666666,24.0325
Bulgaria,BU,Europe,1995,1433,665325.0,23.154166666666665
Bulgaria,BU,Europe,1996,1526,663608.3333333334,24.683333333333334
Bulgaria,BU,Europe,1997,1465,661158.3333333334,23.03
Bulgaria,BU,Europe,1998,1503,658291.6666666666,25.38416666666667
Bulgaria,BU,Europe,1999,1307,655550.0,20.892500000000002
Bulgaria,BU,Europe,2000,1383,652424.5833333334,21.601666666666663
Bulgaria,BU,Europe,2001,1314,632660.5,20.385
Bulgaria,BU,Europe,2002,1317,628700.8333333334,20.6125
Bulgaria,BU,Europe,2003,1092,624430.5,17.304166666666667
Bulgaria,BU,Europe,2004,1013,620630.25,15.343333333333334
Bulgaria,BU,Europe,2005,982,617004.25,14.838333333333333
Bulgaria,BU,Europe,2006,977,613209.0,15.544166666666667
Bulgaria,BU,Europe,2007,902,609372.8333333334,14.480833333333331
Bulgaria,BU,Europe,2008,939,605625.9166666666,14.195
Bulgaria,BU,Europe,2009,868,601651.4166666666,12.868333333333332
Bulgaria,BU,Europe,2010,859,596895.0,13.1875
Bulgaria,BU,Europe,2011,763,588043.9166666666,11.126666666666667
Bulgaria,BU,Europe,2012,872,579971.0,13.680833333333332
Bulgaria,BU,Europe,2013,721,576720.3333333334,11.18
Bulgaria,BU,Europe,2014,724,573656.1666666666,11.6475
Cabo Verde,CA,Africa,2011,42,37681.583333333336,11.153333333333334
Chile,CH,Americas,1985,683,889616.6666666666,9.075833333333334
Chile,CH,Americas,1986,654,910975.0,7.578333333333333
Chile,CH,Americas,1987,693,934083.3333333334,7.451666666666667
Chile,CH,Americas,1988,697,942166.6666666666,7.908333333333334
Chile,CH,Americas,1989,725,958416.6666666666,8.37
Chile,CH,Americas,1990,743,975750.0,7.655
Chile,CH,Americas,1991,787,989250.0,8.235833333333334
Chile,CH,Americas,1992,658,1010416.6666666666,6.573333333333333
Chile,CH,Americas,1993,740,1025533.3333333334,8.598333333333334
Chile,CH,Americas,1994,801,1043883.3333333334,7.945
Chile,CH,Americas,1995,930,1074803.5833333333,9.075833333333334
Chile,CH,Americas,1996,917,1093757.4166666667,7.975833333333333
Chile,CH,Americas,1997,910,1111629.1666666667,8.344166666666666
Chile,CH,Americas,1998,1031,1128661.6666666667,9.147499999999999
Chile,CH,Americas,1999,1041,1145323.5,9.321666666666667
Chile,CH,Americas,2000,1473,1161964.5833333333,12.431666666666667
Chile,CH,Americas,2001,1625,1178299.1666666667,12.298333333333334
Chile,CH,Americas,2002,1603,1194403.3333333333,12.44
Chile,CH,Americas,2003,1654,1210313.1666666667,12.795
Chile,CH,Americas,2004,1735,1225916.0833333333,12.974166666666667
Chile,CH,Americas,2005,1682,1241131.1666666667,12.285833333333334
Chile,CH,Americas,2006,1795,1255966.3333333333,12.921666666666667
Chile,CH,Americas,2007,1848,1270452.9166666667,12.576666666666668
Chile,CH,Americas,2008,2088,1284638.4166666667,13.99
Chile,CH,Americas,2009,2148,1298679.0833333333,14.524999999999999
Chile,CH,Americas,2010,2001,1312654.25,13.573333333333332
Chile,CH,Americas,2011,2027,1325898.5833333333,13.403333333333334
Chile,CH,Americas,2012,1841,1339603.9166666667,12.3675
Chile,CH,Americas,2013,1738,1353520.3333333333,11.21
Chile,CH,Americas,2014,1789,1367238.9166666667,11.4475
Chile,CH,Americas,2015,1838,1380477.0833333333,12.306666666666667
Colombia,CO,Americas,1985,1001,2087700.0,5.213333333333334
Colombia,CO,Americas,1986,958,2132133.3333333335,4.175833333333333
Colombia,CO,Americas,1987,951,2334119.3333333335,3.7641666666666667
Colombia,CO,Americas,1988,912,2387458.4166666665,4.22
Colombia,CO,Americas,1989,831,2440819.0833333335,3.474166666666667
Colombia,CO,Americas,1990,865,2494247.75,3.6191666666666666
Colombia,CO,Americas,1991,1010,2548681.5,3.6308333333333334
Colombia,CO,Americas,1992,1086,2467950.0,4.123333333333333
Colombia,CO,Americas,1993,1085,2520183.3333333335,4.1025
Colombia,CO,Americas,1994,1198,2572883.3333333335,4.6625000000000005
Colombia,CO,Americas,1995,1150,2757574.9166666665,4.136666666666667
Colombia,CO,Americas,1996,1209,2808636.3333333335,4.430833333333333
Colombia,CO,Americas,1997,1242,2861568.75,4.3975
Colombia,CO,Americas,1998,2052,2915586.5833333335,6.806666666666666
Colombia,CO,Americas,1999,2143,2969117.3333333335,7.008333333333333
Colombia,CO,Americas,2000,2358,3021028.5,7.4816666666666665
Colombia,CO,Americas,2001,2412,3073702.3333333335,7.355833333333333
Colombia,CO,Americas,2002,2379,3123189.6666666665,6.781666666666666
Colombia,CO,Americas,2003,2269,3170376.0833333335,6.654166666666666
Colombia,CO,Americas,2004,2244,3217059.6666666665,7.020833333333333
Colombia,CO,Americas,2005,2102,3264399.1666666665,6.236666666666667
Colombia,CO,Americas,2006,2177,3309056.3333333335,6.534166666666667
Colombia,CO,Americas,2007,2181,3356267.1666666665,6.1875
Colombia,CO,Americas,2008,2220,3404927.4166666665,6.185
Colombia,CO,Americas,2009,2249,3453014.4166666665,6.1525
Colombia,CO,Americas,2010,2107,3499091.9166666665,5.603333333333333
Colombia,CO,Americas,2011,2044,3544858.75,5.239999999999999
Colombia,CO,Americas,2012,2119,3587988.6666666665,5.5375000000000005
Colombia,CO,Americas,2013,2068,3628858.1666666665,5.2941666666666665
Colombia,CO,Americas,2014,2126,3668483.3333333335,5.551666666666667
Colombia,CO,Americas,2015,2332,3707535.5833333335,5.866666666666666
Croatia,CR,Europe,1995,929,374783.3333333333,25.46166666666667
Croatia,CR,Europe,1996,1001,351733.3333333333,27.89916666666667
Croatia,CR,Europe,1997,946,357925.0,26.141666666666666
Croatia,CR,Europe,1998,1029,352325.0,28.691666666666666
Croatia,CR,Europe,1999,989,356983.3333333333,27.273333333333337
Croatia,CR,Europe,2000,926,343166.6666666667,26.895833333333332
Croatia,CR,Europe,2001,881,348386.0833333333,23.96166666666667
Croatia,CR,Europe,2002,874,351441.6666666667,25.343333333333334
Croatia,CR,Europe,2003,865,352133.3333333333,23.474166666666665
Croatia,CR,Europe,2004,871,352466.6666666667,25.186666666666667
Croatia,CR,Europe,2005,874,352989.5833333333,22.464166666666667
Croatia,CR,Europe,2006,796,352912.1666666667,20.685
Croatia,CR,Europe,2007,775,352571.25,20.287499999999998
Croatia,CR,Europe,2008,793,352131.9166666667,22.140833333333333
Croatia,CR,Europe,2009,790,351337.5,21.190833333333334
Croatia,CR,Europe,2010,776,350330.25,20.164166666666667
Croatia,CR,Europe,2011,702,349085.75,18.425833333333333
Croatia,CR,Europe,2012,776,337858.0,19.9175
Croatia,CR,Europe,2013,692,337038.0833333333,17.525000000000002
Croatia,CR,Europe,2014,722,335871.0,18.503333333333334
Croatia,CR,Europe,2015,739,333472.4166666667,19.14
Croatia,CR,Europe,2016,683,356704.3,21.356
Cuba,CU,Americas,1992,2299,826300.0,30.809166666666666
Cuba,CU,Americas,1993,2374,833683.3333333334,32.744166666666665
Cuba,CU,Americas,1994,2278,840775.0,30.275833333333335
Cuba,CU,Americas,1995,2222,847366.6666666666,29.396666666666665
Cuba,CU,Americas,1996,2014,853466.6666666666,26.352500000000003
Cuba,CU,Americas,1997,2029,855041.0,26.45
Cuba,CU,Americas,1998,2056,858998.1666666666,27.248333333333335
Cuba,CU,Americas,1999,2050,862503.25,25.51
Cuba,CU,Americas,2000,1845,866434.0833333334,22.730833333333333
Cuba,CU,Americas,2001,1652,869452.3333333334,20.375833333333333
Cuba,CU,Americas,2002,1606,873284.5833333334,20.035
Cuba,CU,Americas,2003,1499,877589.5,18.426666666666666
Cuba,CU,Americas,2004,1515,881558.4166666666,18.01
Cuba,CU,Americas,2005,1397,884700.5,17.161666666666665
Cuba,CU,Americas,2006,1376,887803.1666666666,16.879166666666666
Cuba,CU,Americas,2007,1307,889835.25,15.681666666666667
Cuba,CU,Americas,2008,1377,891151.1666666666,15.915833333333333
Cuba,CU,Americas,2009,1477,892352.5,16.7775
Cuba,CU,Americas,2010,1558,893820.6666666666,16.844166666666666
Cuba,CU,Americas,2011,1529,895669.5,17.254166666666666
Cuba,CU,Americas,2012,1495,897544.5833333334,17.0
Cuba,CU,Americas,2013,1499,899390.8333333334,15.871666666666668
Cuba,CU,Americas,2014,1453,901117.5833333334,15.385833333333332
Cuba,CU,Americas,2015,1511,902672.3333333334,16.1925
Cyprus,CY,Europe,1999,1,71394.41666666667,0.13083333333333333
Cyprus,CY,Europe,2000,7,72935.75,0.6966666666666667
Cyprus,CY,Europe,2004,7,57551.333333333336,0.7641666666666667
Cyprus,CY,Europe,2005,17,58438.583333333336,2.061666666666667
Cyprus,CY,Europe,2006,19,59452.166666666664,2.3033333333333332
Cyprus,CY,Europe,2007,19,60713.833333333336,3.0141666666666667
Cyprus,CY,Europe,2008,41,62252.833333333336,4.9225
Cyprus,CY,Europe,2009,32,63931.166666666664,4.6275
Cyprus,CY,Europe,2010,38,65590.08333333333,4.906666666666667
Cyprus,CY,Europe,2011,30,66735.0,3.6483333333333334
Cyprus,CY,Europe,2012,36,67858.75,3.5749999999999997
Cyprus,CY,Europe,2013,45,67751.33333333333,5.384166666666666
Cyprus,CY,Europe,2014,44,67068.16666666667,4.758333333333334
Cyprus,CY,Europe,2015,40,66336.41666666667,4.132499999999999
Cyprus,CY,Europe,2016,36,71134.4,4.715
Czech Republic,CZ,Europe,1990,1997,809241.6666666666,26.185
Czech Republic,CZ,Europe,1991,1904,805625.0,24.334166666666665
Czech Republic,CZ,Europe,1992,1991,806825.0,25.2675
Czech Republic,CZ,Europe,1993,1917,808616.6666666666,24.80333333333333
Czech Republic,CZ,Europe,1994,1872,810308.3333333334,24.439999999999998
Czech Republic,CZ,Europe,1995,1733,812025.0,22.03333333333333
Czech Republic,CZ,Europe,1996,1568,813658.3333333334,20.290000000000003
Czech Republic,CZ,Europe,1997,1666,815558.3333333334,19.510833333333334
Czech Republic,CZ,Europe,1998,1613,817358.3333333334,18.89166666666667
Czech Republic,CZ,Europe,1999,1610,818267.9166666666,19.74416666666667
Czech Republic,CZ,Europe,2000,1649,818311.8333333334,18.886666666666667
Czech Republic,CZ,Europe,2001,1623,819840.25,18.41
Czech Republic,CZ,Europe,2002,1534,812705.25,17.679166666666667
Czech Republic,CZ,Europe,2003,1719,812379.1666666666,19.573333333333334
Czech Republic,CZ,Europe,2004,1583,812220.5833333334,16.918333333333333
Czech Republic,CZ,Europe,2005,1565,813477.75,16.116666666666667
Czech Republic,CZ,Europe,2006,1400,815026.5833333334,14.866666666666667
Czech Republic,CZ,Europe,2007,1379,818191.25,14.231666666666667
Czech Republic,CZ,Europe,2008,1379,824966.1666666666,14.584166666666667
Czech Republic,CZ,Europe,2009,1464,828117.25,14.975833333333334
Czech Republic,CZ,Europe,2010,1502,828772.75,14.635
Czech Republic,CZ,Europe,2011,1590,825526.5,15.519999999999998
Czech Republic,CZ,Europe,2012,1658,826927.25,16.3525
Czech Republic,CZ,Europe,2013,1577,828065.0,15.505833333333333
Czech Republic,CZ,Europe,2014,1489,830260.5833333334,14.6075
Czech Republic,CZ,Europe,2015,1387,832443.75,14.239166666666668
Czech Republic,CZ,Europe,2016,1318,892994.2,16.176
Denmark,DE,Europe,1994,999,406241.6666666667,21.101666666666667
Denmark,DE,Europe,1995,924,407425.0,19.9275
Denmark,DE,Europe,1996,892,409775.0,19.13
Denmark,DE,Europe,1997,817,411441.6666666667,18.205000000000002
Denmark,DE,Europe,1998,763,413033.3333333333,15.723333333333334
Denmark,DE,Europe,1999,762,414683.3333333333,15.2575
Denmark,DE,Europe,2000,728,416550.8333333333,15.089166666666666
Denmark,DE,Europe,2001,727,418204.25,15.514166666666666
Denmark,DE,Europe,2002,688,420101.8333333333,14.709166666666667
Denmark,DE,Europe,2003,633,421398.5833333333,13.058333333333332
Denmark,DE,Europe,2004,661,422743.9166666667,13.481666666666667
Denmark,DE,Europe,2005,631,424154.3333333333,13.685833333333333
Denmark,DE,Europe,2006,650,425871.6666666667,13.506666666666666
Denmark,DE,Europe,2007,581,427750.0833333333,11.663333333333334
Denmark,DE,Europe,2008,603,430210.4166666667,11.920833333333334
Denmark,DE,Europe,2009,622,432732.5,12.058333333333332
Denmark,DE,Europe,2010,563,434815.4166666667,10.835
Denmark,DE,Europe,2011,589,437012.5,10.5275
Denmark,DE,Europe,2012,661,439211.5833333333,11.934166666666668
Denmark,DE,Europe,2013,610,441641.5,11.2125
Denmark,DE,Europe,2014,629,444930.5,11.4775
Denmark,DE,Europe,2015,564,448588.3333333333,10.118333333333334
Dominica,DO,Americas,1985,0,5533.333333333333,0.0
Ecuador,EC,Americas,1985,393,638483.3333333334,6.876666666666666
Ecuador,EC,Americas,1986,377,656775.0,6.378333333333334
Ecuador,EC,Americas,1987,390,696400.0,5.210833333333333
Ecuador,EC,Americas,1988,466,716100.0,6.274166666666666
Ecuador,EC,Americas,1989,431,714884.9166666666,5.864999999999999
Ecuador,EC,Americas,1990,448,733411.0833333334,5.04
Ecuador,EC,Americas,1991,494,757641.6666666666,5.579999999999999
Ecuador,EC,Americas,1992,505,771096.25,6.316666666666666
Ecuador,EC,Americas,1993,574,790706.9166666666,5.909166666666667
Ecuador,EC,Americas,1994,512,810437.9166666666,5.639166666666667
Ecuador,EC,Americas,1995,546,830046.9166666666,5.685
Ecuador,EC,Americas,1996,593,849654.0,6.361666666666667
Ecuador,EC,Americas,1997,579,868981.0833333334,5.585
Ecuador,EC,Americas,1998,546,888037.1666666666,5.1725
Ecuador,EC,Americas,1999,616,906940.25,5.994166666666666
Ecuador,EC,Americas,2000,534,925781.9166666666,4.764166666666667
Ecuador,EC,Americas,2001,584,944027.3333333334,5.603333333333333
Ecuador,EC,Americas,2002,577,962397.5,5.118333333333333
Ecuador,EC,Americas,2003,675,980916.8333333334,5.88
Ecuador,EC,Americas,2004,791,999512.75,7.0325
Ecuador,EC,Americas,2005,943,1018136.9166666666,8.060833333333333
Ecuador,EC,Americas,2006,900,1037447.8333333334,7.7558333333333325
Ecuador,EC,Americas,2007,1005,1056446.1666666667,7.9975
Ecuador,EC,Americas,2008,928,1075265.25,7.940833333333334
Ecuador,EC,Americas,2009,964,1094180.0833333333,7.854166666666667
Ecuador,EC,Americas,2010,912,1113357.0833333333,6.790833333333333
Ecuador,EC,Americas,2011,918,1131962.75,6.816666666666666
Ecuador,EC,Americas,2012,976,1151321.75,7.073333333333333
Ecuador,EC,Americas,2013,676,1171217.75,5.24
Ecuador,EC,Americas,2014,734,1191262.0833333333,5.501666666666666
Ecuador,EC,Americas,2015,1073,1211168.6666666667,8.115833333333333
El Salvador,EL,Americas,1990,571,375879.3333333333,15.371666666666668
El Salvador,EL,Americas,1991,474,381415.4166666667,14.275
El Salvador,EL,Americas,1992,419,382633.3333333333,10.051666666666668
El Salvador,EL,Americas,1993,424,391191.6666666667,10.3075
El Salvador,EL,Americas,1995,620,403033.0833333333,13.265833333333333
El Salvador,EL,Americas,1996,540,407699.25,12.096666666666666
El Salvador,EL,Americas,1997,577,412441.8333333333,11.666666666666666
El Salvador,EL,Americas,1998,512,417194.8333333333,10.235833333333334
El Salvador,EL,Americas,1999,515,421896.5833333333,10.663333333333334
El Salvador,EL,Americas,2000,461,426515.75,9.2125
El Salvador,EL,Americas,2001,514,431257.8333333333,10.809166666666668
El Salvador,EL,Americas,2002,436,435871.5,9.4325
El Salvador,EL,Americas,2003,527,440295.1666666667,10.743333333333332
El Salvador,EL,Americas,2004,464,444430.8333333333,9.296666666666667
El Salvador,EL,Americas,2005,455,448239.9166666667,9.644166666666667
El Salvador,EL,Americas,2006,411,452420.3333333333,8.2975
El Salvador,EL,Americas,2007,501,455655.0833333333,10.595
El Salvador,EL,Americas,2008,490,458273.9166666667,10.485
El Salvador,EL,Americas,2009,506,460742.5,10.343333333333334
El Salvador,EL,Americas,2010,399,463371.0833333333,8.16
El Salvador,EL,Americas,2011,485,465482.0833333333,9.621666666666666
El Salvador,EL,Americas,2012,512,468235.25,10.261666666666667
El Salvador,EL,Americas,2013,484,471437.5,9.671666666666667
El Salvador,EL,Americas,2014,386,474694.0833333333,8.486666666666666
Estonia,ES,Europe,1995,594,113054.25,45.265833333333326
Estonia,ES,Europe,1996,545,111850.16666666667,44.06
Estonia,ES,Europe,1997,522,110936.16666666667,41.83833333333333
Estonia,ES,Europe,1998,477,110143.25,35.626666666666665
Estonia,ES,Europe,1999,468,109433.16666666667,40.53916666666667
Estonia,ES,Europe,2000,377,111181.25,30.386666666666667
Estonia,ES,Europe,2001,401,110467.5,30.973333333333333
Estonia,ES,Europe,2002,371,109724.16666666667,29.858333333333334
Estonia,ES,Europe,2003,342,108930.0,28.186666666666667
Estonia,ES,Europe,2004,323,108137.5,24.955
Estonia,ES,Europe,2005,273,107374.58333333333,21.36916666666667
Estonia,ES,Europe,2006,247,106576.25,20.219166666666666
Estonia,ES,Europe,2007,251,105867.91666666667,22.087500000000002
Estonia,ES,Europe,2008,242,105333.75,20.38083333333333
Estonia,ES,Europe,2009,269,104917.5,20.7225
Estonia,ES,Europe,2010,223,104518.75,19.089166666666667
Estonia,ES,Europe,2011,218,104118.91666666667,19.105
Estonia,ES,Europe,2012,237,104302.58333333333,20.134166666666665
Estonia,ES,Europe,2013,218,103591.33333333333,19.326666666666668
Estonia,ES,Europe,2014,241,103487.66666666667,21.575833333333335
Estonia,ES,Europe,2015,195,103620.83333333333,17.115
Fiji,FI,Oceania,2001,36,59954.916666666664,4.579166666666667
Fiji,FI,Oceania,2002,42,60265.583333333336,9.211666666666668
Fiji,FI,Oceania,2003,10,60465.916666666664,1.3433333333333335
Fiji,FI,Oceania,2004,24,60700.666666666664,7.540833333333334
Fiji,FI,Oceania,2005,22,61050.583333333336,4.4025
Fiji,FI,Oceania,2006,24,61479.916666666664,2.5641666666666665
Fiji,FI,Oceania,2007,13,62087.916666666664,1.705
Fiji,FI,Oceania,2008,37,62804.833333333336,3.9566666666666666
Fiji,FI,Oceania,2009,26,63533.583333333336,4.305833333333333
Fiji,FI,Oceania,2011,38,64693.75,8.914166666666667
Fiji,FI,Oceania,2012,32,65244.916666666664,7.631666666666667
France,FR,Europe,1985,12501,4281883.333333333,29.075
France,FR,Europe,1986,12529,4303133.333333333,29.314166666666665
France,FR,Europe,1987,12161,4325066.666666667,27.585833333333337
France,FR,Europe,1988,11599,4346466.666666667,26.060000000000002
France,FR,Europe,1989,11715,4368158.333333333,26.044166666666666
France,FR,Europe,1990,11403,4412741.666666667,25.227500000000003
France,FR,Europe,1991,11502,4440241.666666667,24.84166666666667
France,FR,Europe,1992,11644,4468525.0,25.1225
France,FR,Europe,1993,12251,4495450.0,26.0575
France,FR,Europe,1994,12041,4520591.666666667,24.995833333333334
France,FR,Europe,1995,11819,4544041.666666667,24.385
France,FR,Europe,1996,11279,4565966.666666667,22.601666666666663
France,FR,Europe,1997,11139,4587125.0,22.194166666666664
France,FR,Europe,1998,10534,4606725.0,21.1375
France,FR,Europe,1999,10268,4586949.416666667,20.485833333333332
France,FR,Europe,2000,10849,4605635.333333333,21.435833333333335
France,FR,Europe,2001,10449,4625939.333333333,19.995
France,FR,Europe,2002,10643,4661293.083333333,19.886666666666667
France,FR,Europe,2003,10871,4696700.166666667,20.109166666666667
France,FR,Europe,2004,10804,4734493.5,19.375833333333336
France,FR,Europe,2005,10713,4763390.583333333,19.340833333333332
France,FR,Europe,2006,10423,4818703.916666667,18.385833333333334
France,FR,Europe,2007,10127,4847250.916666667,17.8075
France,FR,Europe,2008,10353,4873580.583333333,18.017500000000002
France,FR,Europe,2009,10499,4897560.583333333,18.02
France,FR,Europe,2010,10379,4921356.916666667,17.5975
France,FR,Europe,2011,10408,4945386.916666667,17.598333333333333
France,FR,Europe,2012,9743,4969871.416666667,16.581666666666667
France,FR,Europe,2013,9600,4992505.75,16.0275
France,FR,Europe,2014,8881,5022996.166666667,14.963333333333333
Georgia,GE,Asia,1990,196,415533.3333333333,5.3691666666666675
Georgia,GE,Asia,1991,174,418212.5,4.420833333333333
Georgia,GE,Asia,1992,204,415725.0,5.04
Georgia,GE,Asia,1994,123,376575.0,3.108333333333333
Georgia,GE,Asia,1995,138,367570.8333333333,3.395
Georgia,GE,Asia,1996,162,359195.8333333333,4.9750000000000005
Georgia,GE,Asia,1997,176,353383.3333333333,5.054166666666666
Georgia,GE,Asia,1998,148,350770.8333333333,4.108333333333333
Georgia,GE,Asia,1999,189,348979.1666666667,5.715
Georgia,GE,Asia,2000,130,347133.3333333333,3.8866666666666667
Georgia,GE,Asia,2001,100,345079.1666666667,2.9324999999999997
Georgia,GE,Asia,2004,175,340820.8333333333,5.545000000000001
Georgia,GE,Asia,2005,87,344333.3333333333,2.3633333333333333
Georgia,GE,Asia,2006,72,347208.3333333333,1.9591666666666667
Georgia,GE,Asia,2007,104,346241.6666666667,3.049166666666667
Georgia,GE,Asia,2009,188,346562.5,5.421666666666667
Georgia,GE,Asia,2010,112,349483.3333333333,2.8608333333333333
Georgia,GE,Asia,2011,99,350216.6666666667,3.025833333333333
Georgia,GE,Asia,2012,104,350075.0,2.9066666666666667
Georgia,GE,Asia,2013,157,349383.3333333333,4.630833333333333
Georgia,GE,Asia,2014,194,289216.6666666667,6.2075
Georgia,GE,Asia,2015,192,288200.0,7.056666666666666
Greece,GR,Europe,1985,405,772950.0,4.8475
Greece,GR,Europe,1986,393,777833.3333333334,5.100833333333333
Greece,GR,Europe,1987,410,782283.3333333334,5.255
Greece,GR,Europe,1988,403,787500.0,5.01
Greece,GR,Europe,1989,383,793958.3333333334,4.5441666666666665
Greece,GR,Europe,1990,349,801416.6666666666,4.2908333333333335
Greece,GR,Europe,1991,381,810095.3333333334,4.5475
Greece,GR,Europe,1992,351,819512.9166666666,4.0775
Greece,GR,Europe,1993,412,827533.75,4.425
Greece,GR,Europe,1994,355,834911.0,3.9033333333333338
Greece,GR,Europe,1995,370,841802.6666666666,4.14
Greece,GR,Europe,1996,356,848206.5833333334,3.7608333333333337
Greece,GR,Europe,1997,374,854067.1666666666,3.971666666666667
Greece,GR,Europe,1998,403,859219.1666666666,4.0225
Greece,GR,Europe,1999,381,863530.25,3.811666666666667
Greece,GR,Europe,2000,382,866921.5833333334,3.7383333333333333
Greece,GR,Europe,2001,334,870127.4166666666,3.234166666666667
Greece,GR,Europe,2002,323,873503.75,3.1958333333333333
Greece,GR,Europe,2003,375,876305.4166666666,3.3891666666666667
Greece,GR,Europe,2004,353,878940.8333333334,3.41
Greece,GR,Europe,2005,400,881901.3333333334,3.8775
Greece,GR,Europe,2006,394,884907.5833333334,3.784166666666667
Greece,GR,Europe,2007,328,887799.25,2.825833333333333
Greece,GR,Europe,2008,373,890560.25,3.358333333333333
Greece,GR,Europe,2009,391,893301.5,3.4141666666666666
Greece,GR,Europe,2010,377,894615.3333333334,3.3249999999999997
Greece,GR,Europe,2011,477,894060.3333333334,4.056666666666667
Greece,GR,Europe,2012,508,878316.8333333334,4.443333333333333
Greece,GR,Europe,2013,533,869274.0833333334,4.5925
Greece,GR,Europe,2014,565,865045.5833333334,4.985
Greece,GR,Europe,2015,529,860940.5,4.671666666666667
Guatemala,GU,Americas,1986,203,577015.6666666666,3.5700000000000003
Guatemala,GU,Americas,1987,241,592395.0,4.826666666666667
Guatemala,GU,Americas,1988,174,608339.6666666666,3.936666666666667
Guatemala,GU,Americas,1989,152,624425.6666666666,2.935833333333333
Guatemala,GU,Americas,1990,158,640332.6666666666,2.839166666666667
Guatemala,GU,Americas,1991,156,656722.0833333334,2.7933333333333334
Guatemala,GU,Americas,1992,173,672472.6666666666,3.1875
Guatemala,GU,Americas,1993,165,687913.1666666666,2.5974999999999997
Guatemala,GU,Americas,1994,142,703659.5,2.158333333333333
Guatemala,GU,Americas,1995,211,720126.0,2.8441666666666667
Guatemala,GU,Americas,1996,157,736027.1666666666,2.504166666666667
Guatemala,GU,Americas,1997,179,753683.75,2.2091666666666665
Guatemala,GU,Americas,1998,201,772794.0833333334,3.0883333333333334
Guatemala,GU,Americas,1999,234,792722.1666666666,3.0416666666666665
Guatemala,GU,Americas,2000,182,812965.4166666666,2.2849999999999997
Guatemala,GU,Americas,2001,202,834591.4166666666,2.549166666666667
Guatemala,GU,Americas,2002,258,856430.5,3.3775
Guatemala,GU,Americas,2003,253,878581.6666666666,3.111666666666667
Guatemala,GU,Americas,2004,250,901484.0,2.4941666666666666
Guatemala,GU,Americas,2005,238,925408.8333333334,2.7175
Guatemala,GU,Americas,2006,298,949761.1666666666,3.4958333333333336
Guatemala,GU,Americas,2007,327,975699.75,3.3558333333333334
Guatemala,GU,Americas,2008,492,1002740.4166666666,4.5633333333333335
Guatemala,GU,Americas,2009,511,1029995.4166666666,4.7975
Guatemala,GU,Americas,2010,352,1056845.9166666667,2.9525
Guatemala,GU,Americas,2011,359,1084778.5,2.890833333333333
Guatemala,GU,Americas,2012,420,1111285.4166666667,3.483333333333333
Guatemala,GU,Americas,2013,455,1136823.1666666667,3.390833333333333
Guatemala,GU,Americas,2014,512,1162265.8333333333,3.8233333333333337
Guatemala,GU,Americas,2015,494,1188199.75,3.7375000000000003
Hungary,HU,Europe,1991,3993,813147.1666666666,47.916666666666664
Hungary,HU,Europe,1992,4000,812913.0,47.52166666666667
Hungary,HU,Europe,1993,3694,812325.1666666666,44.94
Hungary,HU,Europe,1994,3625,811734.75,44.65083333333333
Hungary,HU,Europe,1995,3366,811437.3333333334,41.11833333333333
Hungary,HU,Europe,1996,3436,811437.5,40.22833333333333
Hungary,HU,Europe,1997,3208,811481.75,39.20333333333333
Hungary,HU,Europe,1998,3245,811197.75,36.39833333333333
Hungary,HU,Europe,1999,3326,796088.6666666666,40.32333333333333
Hungary,HU,Europe,2000,3269,793919.5,38.71333333333333
Hungary,HU,Europe,2001,2978,808716.5,34.08166666666667
Hungary,HU,Europe,2002,2839,806680.3333333334,31.895833333333332
Hungary,HU,Europe,2003,2800,804377.75,31.003333333333334
Hungary,HU,Europe,2004,2742,802503.6666666666,30.789166666666663
Hungary,HU,Europe,2005,2619,800745.25,29.334166666666665
Hungary,HU,Europe,2006,2461,799259.1666666666,26.054999999999996
Hungary,HU,Europe,2007,2450,797744.8333333334,27.276666666666667
Hungary,HU,Europe,2008,2476,796065.3333333334,27.64
Hungary,HU,Europe,2009,2460,794519.75,25.893333333333334
Hungary,HU,Europe,2010,2489,792833.75,26.775833333333335
Hungary,HU,Europe,2011,2420,791250.9166666666,24.9875
Hungary,HU,Europe,2012,2349,787765.0833333334,25.496666666666666
Hungary,HU,Europe,2013,2092,786153.3333333334,22.185833333333335
Hungary,HU,Europe,2014,1925,784399.0,20.359166666666667
Hungary,HU,Europe,2015,1868,782459.9166666666,21.439166666666665
Hungary,HU,Europe,2016,1761,839037.0,24.134
Iceland,IC,Europe,1985,32,18341.666666666668,14.254166666666668
Iceland,IC,Europe,1986,37,18525.0,17.925
Iceland,IC,Europe,1987,36,18800.0,17.495
Iceland,IC,Europe,1988,35,19100.0,13.998333333333335
Iceland,IC,Europe,1989,22,19333.333333333332,9.176666666666668
Iceland,IC,Europe,1990,40,19441.666666666668,15.025833333333333
Iceland,IC,Europe,1991,37,19658.333333333332,16.644166666666667
Iceland,IC,Europe,1992,28,19833.333333333332,10.240833333333333
Iceland,IC,Europe,1993,26,20041.666666666668,9.084999999999999
Iceland,IC,Europe,1994,25,20225.0,10.453333333333333
Iceland,IC,Europe,1995,27,20391.666666666668,10.805
Iceland,IC,Europe,1996,33,20541.666666666668,14.779166666666667
Iceland,IC,Europe,1997,33,20744.083333333332,13.668333333333335
Iceland,IC,Europe,1998,30,21021.083333333332,11.7575
Iceland,IC,Europe,1999,31,21318.333333333332,10.743333333333332
Iceland,IC,Europe,2000,50,21643.583333333332,17.3325
Iceland,IC,Europe,2001,36,21978.166666666668,13.588333333333333
Iceland,IC,Europe,2002,30,22204.583333333332,10.936666666666667
Iceland,IC,Europe,2003,26,22360.833333333332,8.414166666666667
Iceland,IC,Europe,2004,35,22632.333333333332,14.0675
Iceland,IC,Europe,2005,33,22910.75,9.583333333333334
Iceland,IC,Europe,2006,32,23583.25,8.865833333333333
Iceland,IC,Europe,2007,37,24142.666666666668,13.6075
Iceland,IC,Europe,2008,38,24736.333333333332,11.340833333333334
Iceland,IC,Europe,2009,36,24683.666666666668,10.310833333333333
Iceland,IC,Europe,2010,46,24551.666666666668,15.355833333333335
Iceland,IC,Europe,2011,27,24622.916666666668,7.745833333333334
Iceland,IC,Europe,2012,37,24769.833333333332,12.1175
Iceland,IC,Europe,2013,49,25038.0,18.436666666666667
Iceland,IC,Europe,2014,44,25372.666666666668,16.496666666666666
Iceland,IC,Europe,2015,40,25712.833333333332,11.720833333333333
Iceland,IC,Europe,2016,40,26877.3,13.806999999999999
Ireland,IR,Europe,1985,276,267350.0,8.513333333333334
Ireland,IR,Europe,1986,282,268058.3333333333,8.74
Ireland,IR,Europe,1987,245,269141.6666666667,7.951666666666667
Ireland,IR,Europe,1988,266,269458.3333333333,9.436666666666666
Ireland,IR,Europe,1989,278,268600.0,9.213333333333333
Ireland,IR,Europe,1990,334,268666.6666666667,10.473333333333334
Ireland,IR,Europe,1991,345,271008.3333333333,10.544166666666667
Ireland,IR,Europe,1992,362,273616.6666666667,11.489166666666668
Ireland,IR,Europe,1993,326,275541.6666666667,9.7625
Ireland,IR,Europe,1994,394,277166.6666666667,11.901666666666666
Ireland,IR,Europe,1995,403,278825.0,11.986666666666666
Ireland,IR,Europe,1996,408,281316.6666666667,12.128333333333332
Ireland,IR,Europe,1997,466,284523.75,13.012500000000001
Ireland,IR,Europe,1998,498,287451.25,13.514166666666666
Ireland,IR,Europe,1999,424,290155.9166666667,11.768333333333333
Ireland,IR,Europe,2000,463,293614.6666666667,11.863333333333335
Ireland,IR,Europe,2001,488,297831.1666666667,12.414166666666667
Ireland,IR,Europe,2002,449,303297.75,11.318333333333333
Ireland,IR,Europe,2003,454,307839.9166666667,11.230833333333335
Ireland,IR,Europe,2004,464,312723.25,10.785000000000002
Ireland,IR,Europe,2005,451,319446.4166666667,10.0925
Ireland,IR,Europe,2006,452,328131.5,10.538333333333332
Ireland,IR,Europe,2007,458,335558.9166666667,10.147499999999999
Ireland,IR,Europe,2008,506,341182.6666666667,10.796666666666667
Ireland,IR,Europe,2009,527,343138.9166666667,11.0525
Ireland,IR,Europe,2010,486,355404.75,10.025
Ireland,IR,Europe,2011,554,351570.75,11.548333333333334
Ireland,IR,Europe,2012,542,351733.8333333333,11.471666666666666
Ireland,IR,Europe,2013,487,352281.5,9.784166666666666
Ireland,IR,Europe,2014,486,360670.25,9.973333333333334
Israel,IS,Asia,1985,234,312791.6666666667,9.335833333333333
Israel,IS,Asia,1986,278,317791.6666666667,10.856666666666667
Israel,IS,Asia,1987,271,323175.0,11.134166666666667
Israel,IS,Asia,1988,303,328941.6666666667,10.346666666666666
Israel,IS,Asia,1989,353,335091.6666666667,14.193333333333333
Israel,IS,Asia,1990,304,346341.6666666667,10.188333333333334
Israel,IS,Asia,1991,359,368600.0,11.611666666666666
Israel,IS,Asia,1992,381,382408.3333333333,10.9125
Israel,IS,Asia,1993,371,393083.3333333333,11.435833333333333
Israel,IS,Asia,1994,416,403741.6666666667,12.490833333333335
Israel,IS,Asia,1995,360,414808.3333333333,10.619166666666667
Israel,IS,Asia,1996,306,425308.3333333333,9.209166666666667
Israel,IS,Asia,1997,379,436125.0,10.548333333333334
Israel,IS,Asia,1998,318,446683.3333333333,8.3425
Israel,IS,Asia,1999,368,458087.25,8.548333333333334
Israel,IS,Asia,2000,394,470274.25,9.046666666666667
Israel,IS,Asia,2001,398,481455.5833333333,9.019166666666667
Israel,IS,Asia,2002,382,491292.3333333333,7.790833333333333
Israel,IS,Asia,2003,417,500260.5833333333,8.0975
Israel,IS,Asia,2004,411,509160.9166666667,8.203333333333333
Israel,IS,Asia,2005,425,518405.0833333333,8.575833333333334
Israel,IS,Asia,2006,367,527873.75,6.71
Israel,IS,Asia,2007,326,537401.1666666666,6.139166666666667
Israel,IS,Asia,2008,354,547133.5,7.2775
Israel,IS,Asia,2009,404,560986.25,6.6933333333333325
Israel,IS,Asia,2010,480,570818.75,8.289166666666667
Israel,IS,Asia,2011,409,580957.9166666666,7.284166666666667
Israel,IS,Asia,2012,430,591280.0,6.982500000000001
Israel,IS,Asia,2013,372,602167.3333333334,6.184166666666666
Israel,IS,Asia,2014,382,613854.3333333334,5.938333333333333
Israel,IS,Asia,2015,342,626348.3333333334,5.4925
Italy,IT,Europe,1985,4759,4509558.333333333,11.116666666666667
Italy,IT,Europe,1986,4691,4522291.666666667,10.920833333333334
Italy,IT,Europe,1987,4516,4535341.666666667,10.461666666666668
Italy,IT,Europe,1988,4381,4548308.333333333,10.150833333333333
Italy,IT,Europe,1989,4342,4558100.0,9.72
Italy,IT,Europe,1990,4402,4569308.333333333,10.165000000000001
Italy,IT,Europe,1991,4453,4538791.666666667,9.655833333333334
Italy,IT,Europe,1992,4543,4512908.166666667,9.623333333333333
Italy,IT,Europe,1993,4697,4511710.25,10.095
Italy,IT,Europe,1994,4536,4511920.75,9.910833333333333
Italy,IT,Europe,1995,4569,4511764.333333333,9.834166666666667
Italy,IT,Europe,1996,4689,4512527.666666667,9.620833333333334
Italy,IT,Europe,1997,4694,4515123.083333333,9.753333333333334
Italy,IT,Europe,1998,4504,4520882.666666667,9.486666666666666
Italy,IT,Europe,1999,4115,4523377.25,8.31
Italy,IT,Europe,2000,4108,4524912.166666667,8.268333333333333
Italy,IT,Europe,2001,4030,4527820.333333333,7.989166666666667
Italy,IT,Europe,2002,4069,4543903.5,7.884166666666666
Italy,IT,Europe,2003,4075,4578130.833333333,7.868333333333333
Italy,IT,Europe,2004,3986,4582346.333333333,7.610833333333333
Italy,IT,Europe,2005,3742,4603724.166666667,6.8825
Italy,IT,Europe,2006,3700,4681722.666666667,6.800833333333333
Italy,IT,Europe,2007,3757,4715298.166666667,6.830000000000001
Italy,IT,Europe,2008,3904,4750818.75,6.8075
Italy,IT,Europe,2009,3974,4779319.166666667,6.8275
Italy,IT,Europe,2010,3989,4803153.583333333,6.730833333333333
Italy,IT,Europe,2011,4153,4717512.416666667,7.173333333333333
Italy,IT,Europe,2012,4257,4732923.75,7.120833333333334
Italy,IT,Europe,2013,4290,4791944.25,7.071666666666666
Italy,IT,Europe,2014,4147,4841723.0,6.844166666666666
Italy,IT,Europe,2015,3988,4843141.416666667,6.5375000000000005
Jamaica,JA,Americas,1985,8,169583.33333333334,0.7533333333333333
Jamaica,JA,Americas,1986,1,171044.25,0.047499999999999994
Jamaica,JA,Americas,1987,13,172563.33333333334,0.6483333333333333
Jamaica,JA,Americas,1988,5,174216.91666666666,0.35000000000000003
Jamaica,JA,Americas,1989,0,175919.91666666666,0.0
Jamaica,JA,Americas,1990,3,177586.75,0.11
Jamaica,JA,Americas,1991,1,179569.58333333334,0.075
Jamaica,JA,Americas,2000,3,197320.08333333334,0.09666666666666666
Jamaica,JA,Americas,2001,5,199273.16666666666,0.2333333333333333
Jamaica,JA,Americas,2002,2,201309.75,0.05833333333333333
Jamaica,JA,Americas,2003,2,203368.83333333334,0.07583333333333332
Jamaica,JA,Americas,2004,1,205367.33333333334,0.06166666666666667
Jamaica,JA,Americas,2005,51,207264.08333333334,2.180833333333333
Jamaica,JA,Americas,2006,0,209383.08333333334,0.0
Jamaica,JA,Americas,2009,36,214073.58333333334,1.7608333333333333
Jamaica,JA,Americas,2010,3,215554.33333333334,0.09666666666666666
Jamaica,JA,Americas,2011,50,216753.08333333334,2.3216666666666668
Kazakhstan,KA,Asia,1990,3172,1231158.3333333333,27.843333333333334
Kazakhstan,KA,Asia,1991,3082,1246066.6666666667,26.554999999999996
Kazakhstan,KA,Asia,1992,3356,1262508.3333333333,26.96083333333333
Kazakhstan,KA,Asia,1993,4019,1277616.6666666667,31.374166666666667
Kazakhstan,KA,Asia,1994,4024,1269133.3333333333,34.556666666666665
Kazakhstan,KA,Asia,1995,4706,1249133.3333333333,37.88916666666667
Kazakhstan,KA,Asia,1996,4773,1207308.3333333333,37.736666666666665
Kazakhstan,KA,Asia,1997,4642,1199550.0,36.145
Kazakhstan,KA,Asia,1998,4313,1153683.3333333333,36.71
Kazakhstan,KA,Asia,1999,3991,1147783.3333333333,33.9775
Kazakhstan,KA,Asia,2000,4428,1147701.8333333333,35.50416666666667
Kazakhstan,KA,Asia,2001,4377,1147724.6666666667,35.2075
Kazakhstan,KA,Asia,2002,4240,1148123.0,33.82416666666666
Kazakhstan,KA,Asia,2003,4321,1150988.5833333333,34.30916666666666
Kazakhstan,KA,Asia,2004,4394,1156110.6666666667,34.48833333333334
Kazakhstan,KA,Asia,2005,3903,1162314.1666666667,29.816666666666666
Kazakhstan,KA,Asia,2006,4076,1169806.3333333333,31.227500000000003
Kazakhstan,KA,Asia,2007,4141,1177133.8333333333,31.3025
Kazakhstan,KA,Asia,2008,3997,1184671.0833333333,30.578333333333333
Kazakhstan,KA,Asia,2009,3838,1197552.9166666667,27.50583333333333
Kazakhstan,KA,Asia,2010,3609,1226097.25,26.734166666666667
Kazakhstan,KA,Asia,2011,3401,1237779.1666666667,24.48
Kazakhstan,KA,Asia,2012,3240,1251962.4166666667,22.584999999999997
Kazakhstan,KA,Asia,2013,3512,1267948.5,24.7225
Kazakhstan,KA,Asia,2014,3119,1285737.0,21.424166666666665
Kazakhstan,KA,Asia,2015,2872,1303896.0,19.834999999999997
Kiribati,KI,Oceania,1991,10,5154.583333333333,15.128333333333332
Kiribati,KI,Oceania,1992,4,5238.0,6.815
Kiribati,KI,Oceania,1993,12,5320.666666666667,17.018333333333334
Kiribati,KI,Oceania,1994,10,5405.916666666667,12.533333333333333
Kiribati,KI,Oceania,1995,2,5493.583333333333,4.725833333333333
Kiribati,KI,Oceania,1996,6,5593.833333333333,6.445833333333333
Kiribati,KI,Oceania,1997,5,5694.0,6.338333333333334
Kiribati,KI,Oceania,1998,4,5797.5,4.204166666666667
Kiribati,KI,Oceania,1999,0,5911.5,0.0
Kiribati,KI,Oceania,2000,0,6036.666666666667,0.0
Kiribati,KI,Oceania,2001,0,6154.25,0.0
Kuwait,KU,Asia,1985,17,122333.33333333333,0.9333333333333332
Kuwait,KU,Asia,1986,16,127941.66666666667,0.7283333333333334
Kuwait,KU,Asia,1987,16,133858.33333333334,0.9558333333333334
Kuwait,KU,Asia,1993,18,106133.33333333333,1.0841666666666667
Kuwait,KU,Asia,1994,30,120666.66666666667,1.5391666666666666
Kuwait,KU,Asia,1995,26,125925.0,1.0616666666666668
Kuwait,KU,Asia,1996,30,130725.0,1.5274999999999999
Kuwait,KU,Asia,1997,33,134791.66666666666,1.6616666666666668
Kuwait,KU,Asia,1998,35,152147.16666666666,1.3508333333333333
Kuwait,KU,Asia,1999,46,158225.0,1.4016666666666666
Kuwait,KU,Asia,2000,34,164429.41666666666,1.2691666666666668
Kuwait,KU,Asia,2001,30,169877.5,0.7608333333333334
Kuwait,KU,Asia,2002,45,179883.58333333334,1.2133333333333334
Kuwait,KU,Asia,2003,44,162551.83333333334,1.37
Kuwait,KU,Asia,2004,45,166340.5,1.4383333333333335
Kuwait,KU,Asia,2005,52,171914.0,1.515
Kuwait,KU,Asia,2006,45,180476.08333333334,1.3191666666666666
Kuwait,KU,Asia,2007,51,256243.16666666666,1.085
Kuwait,KU,Asia,2008,47,280782.8333333333,0.98
Kuwait,KU,Asia,2009,61,263804.5,1.2341666666666666
Kuwait,KU,Asia,2010,39,273467.8333333333,0.8366666666666668
Kuwait,KU,Asia,2011,41,277808.1666666667,0.9508333333333333
Kuwait,KU,Asia,2012,56,291391.5,1.2991666666666666
Kuwait,KU,Asia,2013,41,297840.8333333333,0.8233333333333333
Kuwait,KU,Asia,2014,68,309607.0,1.3216666666666665
Kyrgyzstan,KY,Asia,1990,547,311441.6666666667,20.589166666666667
Kyrgyzstan,KY,Asia,1991,543,316375.0,20.549166666666668
Kyrgyzstan,KY,Asia,1992,491,319941.6666666667,18.451666666666664
Kyrgyzstan,KY,Asia,1993,563,320100.0,21.565833333333334
Kyrgyzstan,KY,Asia,1994,581,320925.0,21.1925
Kyrgyzstan,KY,Asia,1995,605,325450.0,19.980833333333333
Kyrgyzstan,KY,Asia,1996,480,331566.6666666667,17.211666666666666
Kyrgyzstan,KY,Asia,1997,496,338325.0,15.904166666666667
Kyrgyzstan,KY,Asia,1998,509,344975.0,15.411666666666667
Kyrgyzstan,KY,Asia,1999,556,358175.0,15.953333333333333
Kyrgyzstan,KY,Asia,2000,510,364100.1666666667,15.219166666666666
Kyrgyzstan,KY,Asia,2001,560,368815.3333333333,16.10833333333333
Kyrgyzstan,KY,Asia,2002,567,372763.5833333333,14.425833333333335
Kyrgyzstan,KY,Asia,2003,479,376736.9166666667,11.488333333333335
Kyrgyzstan,KY,Asia,2004,438,381023.1666666667,11.777500000000002
Kyrgyzstan,KY,Asia,2005,470,384544.4166666667,11.29
Kyrgyzstan,KY,Asia,2006,463,387206.25,12.165833333333333
Kyrgyzstan,KY,Asia,2007,482,389053.3333333333,10.490833333333333
Kyrgyzstan,KY,Asia,2008,473,390910.3333333333,11.33
Kyrgyzstan,KY,Asia,2009,458,400011.1666666667,9.44
Kyrgyzstan,KY,Asia,2010,500,403129.6666666667,11.933333333333335
Kyrgyzstan,KY,Asia,2011,471,405878.1666666667,10.574166666666667
Kyrgyzstan,KY,Asia,2012,524,411030.0,11.721666666666666
Kyrgyzstan,KY,Asia,2013,446,417683.3333333333,9.153333333333334
Kyrgyzstan,KY,Asia,2014,461,424702.5,9.315833333333334
Kyrgyzstan,KY,Asia,2015,417,432985.5833333333,8.1975
Latvia,LA,Europe,1995,1024,197891.66666666666,45.468333333333334
Latvia,LA,Europe,1996,922,196950.0,41.00083333333333
Latvia,LA,Europe,1997,886,196225.0,41.0475
Latvia,LA,Europe,1998,839,195341.66666666666,36.82
Latvia,LA,Europe,1999,763,194450.0,35.034166666666664
Latvia,LA,Europe,2000,770,189342.25,37.766666666666666
Latvia,LA,Europe,2001,708,186852.25,31.9575
Latvia,LA,Europe,2002,670,184540.33333333334,30.646666666666665
Latvia,LA,Europe,2003,604,182517.58333333334,30.135833333333334
Latvia,LA,Europe,2004,563,180289.75,27.365
Latvia,LA,Europe,2005,564,178152.58333333334,26.005
Latvia,LA,Europe,2006,487,176267.91666666666,24.075
Latvia,LA,Europe,2007,453,174489.83333333334,24.645833333333332
Latvia,LA,Europe,2008,527,172294.08333333334,26.974166666666665
Latvia,LA,Europe,2009,516,169193.0,25.650000000000002
Latvia,LA,Europe,2010,438,165658.83333333334,21.611666666666668
Latvia,LA,Europe,2011,440,162800.91666666666,24.0625
Latvia,LA,Europe,2012,444,160960.08333333334,22.30666666666667
Latvia,LA,Europe,2013,383,159372.0,20.1825
Latvia,LA,Europe,2014,382,157836.75,20.734166666666667
Latvia,LA,Europe,2015,387,156293.5,20.955833333333334
Lithuania,LI,Europe,1995,1694,282262.4166666667,53.275
Lithuania,LI,Europe,1996,1722,281263.5833333333,49.634166666666665
Lithuania,LI,Europe,1997,1632,280356.0833333333,47.120000000000005
Lithuania,LI,Europe,1998,1553,279247.75,47.196666666666665
Lithuania,LI,Europe,1999,1550,277787.6666666667,46.79416666666666
Lithuania,LI,Europe,2000,1631,276260.4166666667,47.650000000000006
Lithuania,LI,Europe,2001,1533,274511.5,47.415
Lithuania,LI,Europe,2002,1551,272874.0,46.30166666666667
Lithuania,LI,Europe,2003,1455,271177.25,44.21
Lithuania,LI,Europe,2004,1380,268580.75,41.9475
Lithuania,LI,Europe,2005,1319,264560.6666666667,40.482499999999995
Lithuania,LI,Europe,2006,1049,260480.58333333334,33.380833333333335
Lithuania,LI,Europe,2007,1025,257322.25,33.899166666666666
Lithuania,LI,Europe,2008,1111,254479.66666666666,35.8375
Lithuania,LI,Europe,2009,1138,251374.75,36.4225
Lithuania,LI,Europe,2010,1018,245811.41666666666,32.93666666666667
Lithuania,LI,Europe,2011,1018,239983.75,33.97416666666667
Lithuania,LI,Europe,2012,927,236480.83333333334,31.176666666666666
Lithuania,LI,Europe,2013,1085,233885.58333333334,37.04666666666667
Lithuania,LI,Europe,2014,930,231798.08333333334,33.439166666666665
Lithuania,LI,Europe,2015,896,229493.83333333334,32.123333333333335
Lithuania,LI,Europe,2016,822,244529.6,36.172000000000004
Luxembourg,LU,Europe,1985,55,28733.333333333332,20.61583333333333
Luxembourg,LU,Europe,1986,51,28833.333333333332,15.254166666666668
Luxembourg,LU,Europe,1987,74,29116.666666666668,20.27
Luxembourg,LU,Europe,1988,69,29358.333333333332,17.625
Luxembourg,LU,Europe,1989,73,29616.666666666668,21.776666666666667
Luxembourg,LU,Europe,1990,68,29900.0,19.445
Luxembourg,LU,Europe,1991,77,30241.666666666668,23.4025
Luxembourg,LU,Europe,1992,59,30608.333333333332,19.030833333333334
Luxembourg,LU,Europe,1993,64,31000.0,17.330000000000002
Luxembourg,LU,Europe,1994,74,31416.666666666668,23.103333333333335
Luxembourg,LU,Europe,1995,63,31841.666666666668,17.506666666666664
Luxembourg,LU,Europe,1996,72,32308.333333333332,19.104166666666668
Luxembourg,LU,Europe,1997,81,32716.666666666668,25.633333333333336
Luxembourg,LU,Europe,1998,64,33159.583333333336,16.770833333333332
Luxembourg,LU,Europe,1999,70,33657.5,17.665833333333335
Luxembourg,LU,Europe,2000,62,34180.333333333336,18.55333333333333
Luxembourg,LU,Europe,2001,73,34494.166666666664,19.985
Luxembourg,LU,Europe,2002,85,34842.166666666664,22.011666666666667
Luxembourg,LU,Europe,2003,48,35304.5,13.6975
Luxembourg,LU,Europe,2004,62,35844.0,15.795
Luxembourg,LU,Europe,2005,49,36444.833333333336,13.255833333333333
Luxembourg,LU,Europe,2006,65,37068.416666666664,15.315833333333332
Luxembourg,LU,Europe,2007,78,37667.666666666664,15.324166666666668
Luxembourg,LU,Europe,2008,43,38364.25,9.359166666666667
Luxembourg,LU,Europe,2009,48,39100.75,9.245833333333334
Luxembourg,LU,Europe,2010,54,39831.583333333336,11.763333333333334
Luxembourg,LU,Europe,2011,55,40743.166666666664,11.3775
Luxembourg,LU,Europe,2012,51,41753.666666666664,11.681666666666667
Luxembourg,LU,Europe,2013,40,42724.083333333336,7.623333333333334
Luxembourg,LU,Europe,2014,67,43745.0,12.323333333333332
Luxembourg,LU,Europe,2015,64,44812.333333333336,11.200000000000001
Macau,MA,Asia,1994,27,28878.5,14.311666666666667
Mexico,ME,Americas,1985,1544,5630500.0,3.1808333333333336
Mexico,ME,Americas,1986,1714,5760291.666666667,3.811666666666667
Mexico,ME,Americas,1987,1701,5662341.666666667,3.4525
Mexico,ME,Americas,1988,1703,5803833.333333333,3.518333333333333
Mexico,ME,Americas,1989,1865,5946583.333333333,4.0216666666666665
Mexico,ME,Americas,1990,1926,6089741.666666667,4.070833333333334
Mexico,ME,Americas,1991,2103,6233025.0,3.9741666666666666
Mexico,ME,Americas,1992,2237,6273816.666666667,4.339166666666666
Mexico,ME,Americas,1993,2342,6402233.333333333,4.333333333333333
Mexico,ME,Americas,1994,2588,6531175.0,4.66
Mexico,ME,Americas,1995,2877,6660591.666666667,4.924166666666667
Mexico,ME,Americas,1996,3008,6983524.5,4.694166666666667
Mexico,ME,Americas,1997,3350,7111740.0,4.755833333333333
Mexico,ME,Americas,1998,3312,7235473.166666667,4.736666666666667
Mexico,ME,Americas,1999,3327,7355998.083333333,4.574166666666667
Mexico,ME,Americas,2000,3456,7474566.083333333,4.574166666666667
Mexico,ME,Americas,2001,3760,7587726.166666667,5.2749999999999995
Mexico,ME,Americas,2002,3826,7699526.333333333,4.863333333333333
Mexico,ME,Americas,2003,4070,7813238.25,5.25
Mexico,ME,Americas,2004,4056,7932755.666666667,5.0625
Mexico,ME,Americas,2005,4274,8060834.0,5.185
Mexico,ME,Americas,2006,4230,8205736.583333333,4.935
Mexico,ME,Americas,2007,4285,8357858.083333333,4.8341666666666665
Mexico,ME,Americas,2008,4642,8514215.583333334,5.069166666666667
Mexico,ME,Americas,2009,5023,8670361.833333334,5.345
Mexico,ME,Americas,2010,4858,8822988.416666666,5.0841666666666665
Mexico,ME,Americas,2011,5558,8971258.333333334,5.46
Mexico,ME,Americas,2012,5381,9114063.75,5.285833333333334
Mexico,ME,Americas,2013,5711,9253059.0,5.415833333333333
Mexico,ME,Americas,2014,6178,9391049.083333334,5.698333333333333
Mexico,ME,Americas,2015,6234,9529823.666666666,5.547499999999999
Mongolia,MO,Asia,2016,423,216758.9,18.439
Netherlands,NE,Europe,1985,1638,1134858.3333333333,13.324166666666668
Netherlands,NE,Europe,1986,1604,1141291.6666666667,13.19
Netherlands,NE,Europe,1987,1616,1148083.3333333333,13.097500000000002
Netherlands,NE,Europe,1988,1523,1154641.6666666667,12.299999999999999
Netherlands,NE,Europe,1989,1520,1160775.0,11.334166666666667
Netherlands,NE,Europe,1990,1450,1167858.3333333333,11.347499999999998
Netherlands,NE,Europe,1991,1611,1176233.3333333333,12.540833333333333
Netherlands,NE,Europe,1992,1587,1184741.6666666667,11.957500000000001
Netherlands,NE,Europe,1993,1555,1192800.0,11.331666666666665
Netherlands,NE,Europe,1994,1584,1199808.3333333333,11.413333333333334
Netherlands,NE,Europe,1995,1511,1206166.6666666667,10.418333333333333
Netherlands,NE,Europe,1996,1577,1212808.3333333333,11.255833333333333
Netherlands,NE,Europe,1997,1572,1219991.6666666667,11.380833333333333
Netherlands,NE,Europe,1998,1519,1227883.3333333333,10.708333333333334
Netherlands,NE,Europe,1999,1519,1236000.0,10.263333333333334
Netherlands,NE,Europe,2000,1501,1244436.25,9.915833333333333
Netherlands,NE,Europe,2001,1474,1253194.75,9.691666666666666
Netherlands,NE,Europe,2002,1570,1260859.8333333333,9.977500000000001
Netherlands,NE,Europe,2003,1502,1266949.75,9.444166666666666
Netherlands,NE,Europe,2004,1514,1272155.0833333333,9.263333333333334
Netherlands,NE,Europe,2005,1574,1276716.25,9.44
Netherlands,NE,Europe,2006,1525,1280724.75,9.4325
Netherlands,NE,Europe,2007,1354,1285450.3333333333,8.12
Netherlands,NE,Europe,2008,1439,1292246.9166666667,8.5075
Netherlands,NE,Europe,2009,1530,1300181.3333333333,9.025
Netherlands,NE,Europe,2010,1604,1307617.4166666667,9.124166666666667
Netherlands,NE,Europe,2011,1650,1314346.8333333333,9.423333333333334
Netherlands,NE,Europe,2012,1756,1319958.5833333333,9.875833333333334
Netherlands,NE,Europe,2013,1856,1324959.0,10.460833333333333
Netherlands,NE,Europe,2014,1839,1324959.0,10.118333333333334
Netherlands,NE,Europe,2015,1873,1338111.8333333333,10.5775
Netherlands,NE,Europe,2016,1886,1423955.4,12.739
Nicaragua,NI,Americas,2010,351,425618.9166666667,7.395
Nicaragua,NI,Americas,2011,369,431493.4166666667,7.4624999999999995
Nicaragua,NI,Americas,2012,316,437620.25,6.024166666666667
Nicaragua,NI,Americas,2013,351,443911.25,6.7475
Nicaragua,NI,Americas,2014,311,450202.0,5.95
Nicaragua,NI,Americas,2015,315,456373.5833333333,5.822500000000001
Norway,NO,Europe,1986,579,325975.0,13.635
Norway,NO,Europe,1987,649,327458.3333333333,15.963333333333333
Norway,NO,Europe,1988,708,328883.3333333333,17.375
Norway,NO,Europe,1989,660,329650.0,16.490833333333335
Norway,NO,Europe,1990,659,330108.3333333333,15.9425
Norway,NO,Europe,1991,675,331050.0,16.235
Norway,NO,Europe,1992,616,332483.3333333333,15.136666666666668
Norway,NO,Europe,1993,590,334208.3333333333,14.8375
Norway,NO,Europe,1994,531,336108.3333333333,12.544166666666667
Norway,NO,Europe,1995,548,337991.6666666667,13.029166666666667
Norway,NO,Europe,1996,517,339833.3333333333,12.8275
Norway,NO,Europe,1997,533,341841.6666666667,13.217500000000001
Norway,NO,Europe,1998,548,344116.6666666667,12.805
Norway,NO,Europe,1999,583,346645.4166666667,13.610833333333334
Norway,NO,Europe,2000,541,347359.5833333333,12.527499999999998
Norway,NO,Europe,2001,549,351258.5833333333,12.8575
Norway,NO,Europe,2002,494,353640.75,11.75
Norway,NO,Europe,2003,502,356093.6666666667,11.506666666666666
Norway,NO,Europe,2004,529,358496.6666666667,11.780833333333334
Norway,NO,Europe,2005,533,361257.6666666667,11.840833333333334
Norway,NO,Europe,2006,532,364341.9166666667,11.889166666666666
Norway,NO,Europe,2007,485,368114.0833333333,10.647499999999999
Norway,NO,Europe,2008,505,372674.0833333333,11.0025
Norway,NO,Europe,2009,573,377294.6666666667,12.145000000000001
Norway,NO,Europe,2010,548,381907.0833333333,11.369166666666667
Norway,NO,Europe,2011,598,386941.6666666667,12.207500000000001
Norway,NO,Europe,2012,515,392215.4166666667,10.5
Norway,NO,Europe,2013,554,397300.4166666667,10.584166666666667
Norway,NO,Europe,2014,548,402264.8333333333,10.6025
Norway,NO,Europe,2015,590,406909.0833333333,11.369166666666667
Oman,OM,Asia,2009,13,217295.75,1.7658333333333334
Oman,OM,Asia,2010,13,229036.66666666666,0.3166666666666667
Oman,OM,Asia,2014,7,302591.5,0.12583333333333332
Panama,PA,Americas,1985,56,158308.33333333334,4.255
Panama,PA,Americas,1986,82,161658.33333333334,5.075833333333333
Panama,PA,Americas,1987,85,165066.66666666666,5.588333333333334
Panama,PA,Americas,1988,87,172025.83333333334,5.015833333333333
Panama,PA,Americas,1989,70,176039.91666666666,4.6075
Panama,PA,Americas,1996,113,206070.91666666666,5.531666666666666
Panama,PA,Americas,1997,145,210517.5,6.9325
Panama,PA,Americas,1998,148,214952.75,6.390833333333333
Panama,PA,Americas,1999,143,219445.66666666666,6.469166666666666
Panama,PA,Americas,2000,143,224042.5,7.131666666666667
Panama,PA,Americas,2001,162,228581.83333333334,7.230833333333333
Panama,PA,Americas,2002,160,233337.16666666666,6.578333333333333
Panama,PA,Americas,2003,195,238247.0,8.103333333333333
Panama,PA,Americas,2004,186,243204.41666666666,6.8133333333333335
Panama,PA,Americas,2005,172,248132.91666666666,6.484166666666667
Panama,PA,Americas,2006,185,253163.25,7.635833333333333
Panama,PA,Americas,2007,171,258094.83333333334,5.991666666666667
Panama,PA,Americas,2008,186,262969.6666666667,6.108333333333333
Panama,PA,Americas,2009,177,267876.0833333333,5.690833333333334
Panama,PA,Americas,2010,151,272867.9166666667,5.333333333333333
Panama,PA,Americas,2011,144,277849.25,5.2275
Panama,PA,Americas,2012,135,282937.0,4.626666666666667
Panama,PA,Americas,2013,130,288115.5833333333,4.109166666666667
Panama,PA,Americas,2014,147,293351.0833333333,4.665
Panama,PA,Americas,2015,110,298615.1666666667,3.7416666666666667
Philippines,PH,Asia,1992,347,4608723.666666667,0.8175
Philippines,PH,Asia,1993,846,4731797.416666667,1.8308333333333333
Philippines,PH,Asia,1997,814,5231057.833333333,1.6866666666666665
Philippines,PH,Asia,1998,883,5354384.5,1.8375000000000001
Philippines,PH,Asia,1999,1043,5478350.083333333,2.0733333333333333
Philippines,PH,Asia,2000,1403,5603623.5,2.6841666666666666
Philippines,PH,Asia,2001,1204,5728174.333333333,2.2566666666666664
Philippines,PH,Asia,2002,1301,5854703.583333333,2.3783333333333334
Philippines,PH,Asia,2003,1544,5981790.75,2.7841666666666662
Philippines,PH,Asia,2006,1788,6369646.25,3.0549999999999997
Philippines,PH,Asia,2007,1698,6500721.166666667,2.430833333333333
Philippines,PH,Asia,2008,1820,6632990.666666667,2.7541666666666664
Philippines,PH,Asia,2009,2074,6766154.583333333,2.9075
Philippines,PH,Asia,2010,2116,6896749.333333333,3.08
Philippines,PH,Asia,2011,2449,7016813.916666667,3.7425
Poland,PO,Europe,1990,4970,2930400.0,14.386666666666668
Poland,PO,Europe,1991,5316,2949691.6666666665,15.0225
Poland,PO,Europe,1992,5713,2967116.6666666665,16.2025
Poland,PO,Europe,1993,5624,2982716.6666666665,15.654166666666667
Poland,PO,Europe,1994,5519,2996666.6666666665,15.496666666666668
Poland,PO,Europe,1995,5499,3008741.6666666665,15.141666666666666
Poland,PO,Europe,1996,5446,3020275.0,14.850833333333334
Poland,PO,Europe,1999,5779,3047933.3333333335,15.345833333333333
Poland,PO,Europe,2000,5841,3019445.3333333335,15.917500000000002
Poland,PO,Europe,2001,5855,3024615.8333333335,15.054166666666667
Poland,PO,Europe,2002,5925,3028958.1666666665,15.2725
Poland,PO,Europe,2003,5836,3029481.25,15.012500000000001
Poland,PO,Europe,2004,6072,3030966.3333333335,15.645000000000001
Poland,PO,Europe,2005,6045,3030947.0833333335,15.503333333333332
Poland,PO,Europe,2006,5805,3029019.3333333335,15.237499999999999
Poland,PO,Europe,2007,5284,3025903.5833333335,13.8725
Poland,PO,Europe,2008,5682,3021892.5833333335,14.781666666666666
Poland,PO,Europe,2009,6477,3018616.8333333335,16.425
Poland,PO,Europe,2010,6357,3002315.9166666665,15.886666666666665
Poland,PO,Europe,2011,6113,3000686.4166666665,15.321666666666667
Poland,PO,Europe,2012,6368,3001120.5,16.030833333333334
Poland,PO,Europe,2013,6218,3001974.5,15.6325
Poland,PO,Europe,2014,5934,3004969.1666666665,14.858333333333334
Poland,PO,Europe,2015,5420,3007214.5833333335,13.915833333333333
Puerto Rico,PU,Americas,1985,269,256875.0,12.884166666666667
Puerto Rico,PU,Americas,1986,310,261933.33333333334,14.852500000000001
Puerto Rico,PU,Americas,1987,272,265783.3333333333,11.979999999999999
Puerto Rico,PU,Americas,1988,314,269633.3333333333,13.474166666666667
Puerto Rico,PU,Americas,1989,327,273650.0,14.128333333333332
Puerto Rico,PU,Americas,1990,371,267000.0,15.131666666666668
Puerto Rico,PU,Americas,1991,355,269766.6666666667,15.400833333333333
Puerto Rico,PU,Americas,1992,314,273991.6666666667,11.275833333333333
Puerto Rico,PU,Americas,1993,345,276039.3333333333,12.604166666666666
Puerto Rico,PU,Americas,1994,355,278635.3333333333,12.273333333333333
Puerto Rico,PU,Americas,1995,289,281262.8333333333,10.0725
Puerto Rico,PU,Americas,1996,331,283485.25,11.650833333333333
Puerto Rico,PU,Americas,1997,273,286063.0833333333,8.271666666666667
Puerto Rico,PU,Americas,1998,321,288736.1666666667,10.9225
Puerto Rico,PU,Americas,1999,289,291060.0833333333,9.775833333333333
Puerto Rico,PU,Americas,2000,305,292662.25,9.021666666666667
Puerto Rico,PU,Americas,2001,289,293517.6666666667,8.9075
Puerto Rico,PU,Americas,2002,239,293662.5833333333,7.6325
Puerto Rico,PU,Americas,2003,262,293252.1666666667,8.0825
Puerto Rico,PU,Americas,2004,279,292621.8333333333,9.079166666666667
Puerto Rico,PU,Americas,2005,289,292049.9166666667,8.759166666666667
Puerto Rico,PU,Americas,2006,265,291586.3333333333,7.941666666666666
Puerto Rico,PU,Americas,2007,271,291135.9166666667,7.756666666666667
Puerto Rico,PU,Americas,2008,300,290734.25,8.923333333333334
Puerto Rico,PU,Americas,2009,330,290372.8333333333,10.408333333333333
Puerto Rico,PU,Americas,2010,286,290031.5833333333,8.653333333333334
Puerto Rico,PU,Americas,2011,258,289608.1666666667,7.545833333333333
Puerto Rico,PU,Americas,2012,248,289389.3333333333,7.258333333333334
Puerto Rico,PU,Americas,2013,241,289305.4166666667,7.549166666666667
Puerto Rico,PU,Americas,2014,220,289246.3333333333,6.424166666666667
Puerto Rico,PU,Americas,2015,226,289126.75,7.131666666666667
Qatar,QA,Asia,1995,0,38620.75,0.0
Qatar,QA,Asia,2001,23,44956.916666666664,2.275
Qatar,QA,Asia,2004,21,58099.25,1.2708333333333333
Qatar,QA,Asia,2005,17,66384.83333333333,1.5666666666666667
Qatar,QA,Asia,2006,29,78340.83333333333,7.275000000000001
Qatar,QA,Asia,2007,41,92956.58333333333,2.3841666666666668
Qatar,QA,Asia,2008,33,109205.41666666667,1.1291666666666667
Qatar,QA,Asia,2009,44,125554.08333333333,1.6583333333333334
Qatar,QA,Asia,2010,47,140799.33333333334,1.0691666666666666
Qatar,QA,Asia,2011,50,154506.75,1.5708333333333335
Qatar,QA,Asia,2012,43,166929.08333333334,1.1058333333333332
Qatar,QA,Asia,2013,37,177945.75,0.6858333333333334
Qatar,QA,Asia,2014,55,187640.16666666666,1.5824999999999998
Qatar,QA,Asia,2015,66,196178.91666666666,1.57
Qatar,QA,Asia,2016,68,221312.1,1.643
Republic of Korea,RE,Asia,1985,3689,3059725.0,12.220833333333333
Republic of Korea,RE,Asia,1986,3458,3128366.6666666665,11.9425
Republic of Korea,RE,Asia,1987,3301,3176241.6666666665,10.686666666666667
Republic of Korea,RE,Asia,1988,2949,3225041.6666666665,9.548333333333334
Republic of Korea,RE,Asia,1989,3023,3264291.6666666665,10.116666666666667
Republic of Korea,RE,Asia,1990,3159,3299125.0,10.044166666666667
Republic of Korea,RE,Asia,1991,3069,3332808.3333333335,9.681666666666667
Republic of Korea,RE,Asia,1992,3533,3364266.6666666665,10.615833333333333
Republic of Korea,RE,Asia,1993,4124,3396233.3333333335,13.29
Republic of Korea,RE,Asia,1994,4212,3428775.0,13.783333333333333
Republic of Korea,RE,Asia,1995,4841,3506366.6666666665,14.94
Republic of Korea,RE,Asia,1996,5857,3542258.3333333335,18.0825
Republic of Korea,RE,Asia,1997,6024,3579675.0,18.900000000000002
Republic of Korea,RE,Asia,1998,8569,3616308.3333333335,25.19333333333333
Republic of Korea,RE,Asia,1999,7075,3651441.6666666665,21.459999999999997
Republic of Korea,RE,Asia,2000,6444,3689311.9166666665,20.715833333333332
Republic of Korea,RE,Asia,2001,6911,3725905.4166666665,22.795
Republic of Korea,RE,Asia,2002,8611,3759170.0833333335,30.08666666666667
Republic of Korea,RE,Asia,2003,10898,3787990.6666666665,37.843333333333334
Republic of Korea,RE,Asia,2004,11492,3814997.5,39.141666666666666
Republic of Korea,RE,Asia,2005,12011,3845990.3333333335,39.92
Republic of Korea,RE,Asia,2006,10653,3876163.6666666665,35.038333333333334
Republic of Korea,RE,Asia,2007,12174,3901183.9166666665,38.87833333333334
Republic of Korea,RE,Asia,2008,12858,3925145.5833333335,37.69
Republic of Korea,RE,Asia,2009,15402,3948334.75,43.29333333333333
Republic of Korea,RE,Asia,2010,15558,3966551.25,43.18333333333334
Republic of Korea,RE,Asia,2011,15906,3983168.0833333335,42.92083333333333
Republic of Korea,RE,Asia,2012,14159,4001748.75,36.93833333333333
Republic of Korea,RE,Asia,2013,14426,4020685.3333333335,35.714166666666664
Republic of Korea,RE,Asia,2014,13834,4038826.4166666665,32.11083333333333
Republic of Korea,RE,Asia,2015,13510,4055979.3333333335,32.428333333333335
Romania,RO,Europe,1989,2529,1778708.3333333333,13.1475
Romania,RO,Europe,1990,2079,1783491.6666666667,10.493333333333334
Romania,RO,Europe,1991,2161,1788166.6666666667,11.115
Romania,RO,Europe,1992,2650,1768925.0,13.681666666666667
Romania,RO,Europe,1993,2774,1775633.3333333333,13.505833333333333
Romania,RO,Europe,1994,2887,1782166.6666666667,14.398333333333333
Romania,RO,Europe,1995,2793,1787608.3333333333,13.015
Romania,RO,Europe,1996,2828,1783108.3333333333,13.331666666666669
Romania,RO,Europe,1997,2859,1780750.0,13.466666666666667
Romania,RO,Europe,1998,2838,1778200.0,13.440833333333332
Romania,RO,Europe,1999,2736,1775900.0,13.189166666666667
Romania,RO,Europe,2000,2836,1774200.0,13.265833333333333
Romania,RO,Europe,2001,2720,1772740.5833333333,12.425833333333332
Romania,RO,Europe,2002,3067,1725048.3333333333,14.466666666666667
Romania,RO,Europe,2003,2894,1721403.4166666667,13.309166666666668
Romania,RO,Europe,2004,2720,1717563.9166666667,12.599166666666667
Romania,RO,Europe,2005,2603,1714163.3333333333,12.167499999999999
Romania,RO,Europe,2006,2721,1710546.75,12.424166666666666
Romania,RO,Europe,2007,2430,1706252.1666666667,11.338333333333333
Romania,RO,Europe,2008,2472,1702816.9166666667,11.700000000000001
Romania,RO,Europe,2009,2586,1699240.1666666667,12.001666666666667
Romania,RO,Europe,2010,2766,1695720.75,12.503333333333332
Romania,RO,Europe,2011,2536,1690975.0833333333,11.565
Romania,RO,Europe,2012,2495,1586799.5,11.835833333333333
Romania,RO,Europe,2013,2407,1583612.0833333333,11.499166666666667
Romania,RO,Europe,2014,2209,1579352.9166666667,10.919166666666667
Romania,RO,Europe,2015,2228,1571993.9166666667,11.129166666666665
Romania,RO,Europe,2016,1953,1664490.5,11.633
Russian Federation,RU,Europe,1989,37921,11286983.333333334,33.235
Russian Federation,RU,Europe,1990,39028,11366516.666666666,33.26416666666667
Russian Federation,RU,Europe,1991,39281,11440250.0,33.03333333333333
Russian Federation,RU,Europe,1992,45923,11509908.333333334,36.45666666666667
Russian Federation,RU,Europe,1993,55846,11474400.0,43.505
Russian Federation,RU,Europe,1994,61420,11539683.333333334,47.303333333333335
Russian Federation,RU,Europe,1995,60548,11590591.666666666,45.615
Russian Federation,RU,Europe,1996,57511,11606050.0,43.85666666666666
Russian Federation,RU,Europe,1997,54746,11606933.333333334,42.34083333333333
Russian Federation,RU,Europe,1998,51518,11593508.333333334,39.56166666666667
Russian Federation,RU,Europe,1999,56974,11559816.666666666,42.51083333333333
Russian Federation,RU,Europe,2000,56619,11517141.25,42.03916666666667
Russian Federation,RU,Europe,2001,56958,11460125.75,42.05416666666667
Russian Federation,RU,Europe,2002,55024,11382575.0,40.7125
Russian Federation,RU,Europe,2003,51445,11418322.333333334,39.07583333333333
Russian Federation,RU,Europe,2004,49096,11422641.583333334,37.30083333333334
Russian Federation,RU,Europe,2005,45802,11346849.25,35.028333333333336
Russian Federation,RU,Europe,2006,42614,11279788.5,33.4425
Russian Federation,RU,Europe,2007,41149,11231580.333333334,32.24916666666667
Russian Federation,RU,Europe,2008,38211,11198829.083333334,30.566666666666666
Russian Federation,RU,Europe,2009,37408,11173786.083333334,29.400000000000002
Russian Federation,RU,Europe,2010,33356,11238832.25,26.600833333333338
Russian Federation,RU,Europe,2011,31038,11228822.833333334,24.973333333333333
Russian Federation,RU,Europe,2012,29643,11222376.833333334,23.7925
Russian Federation,RU,Europe,2013,28690,11226163.5,22.830833333333334
Russian Federation,RU,Europe,2014,26541,11226163.5,21.601666666666663
Russian Federation,RU,Europe,2015,25432,11418245.25,19.743333333333332
Saint Kitts and Nevis,SA,Americas,1990,0,3258.3333333333335,0.0
Saint Kitts and Nevis,SA,Americas,1991,0,3258.3333333333335,0.0
Saint Kitts and Nevis,SA,Americas,1992,0,3258.3333333333335,0.0
Serbia,SE,Europe,1998,1460,598250.1666666666,25.587500000000002
Serbia,SE,Europe,1999,1571,596902.5833333334,28.727500000000003
Serbia,SE,Europe,2000,1543,595761.6666666666,27.013333333333335
Serbia,SE,Europe,2001,1442,595200.8333333334,24.75
Serbia,SE,Europe,2002,1446,594842.75,24.659166666666668
Serbia,SE,Europe,2003,1378,592664.5833333334,22.605833333333333
Serbia,SE,Europe,2004,1345,590530.3333333334,21.875833333333333
Serbia,SE,Europe,2005,1437,588248.5,23.86
Serbia,SE,Europe,2006,1443,585984.25,23.839166666666667
Serbia,SE,Europe,2007,1353,584134.1666666666,21.537499999999998
Serbia,SE,Europe,2008,1289,582377.6666666666,20.2175
Serbia,SE,Europe,2009,1373,580686.6666666666,21.535833333333333
Serbia,SE,Europe,2010,1207,578739.25,19.54
Serbia,SE,Europe,2011,1256,575002.25,20.287499999999998
Serbia,SE,Europe,2012,1243,572264.5,19.544166666666666
Serbia,SE,Europe,2013,1197,569403.3333333334,18.144166666666667
Serbia,SE,Europe,2014,1134,566817.5,18.065
Serbia,SE,Europe,2015,1062,563867.1666666666,17.164166666666667
Singapore,SI,Asia,1985,324,195875.0,29.44666666666667
Singapore,SI,Asia,1986,326,198275.0,27.050833333333333
Singapore,SI,Asia,1987,301,200650.0,22.796666666666667
Singapore,SI,Asia,1988,366,199450.0,30.015833333333333
Singapore,SI,Asia,1989,394,202591.66666666666,29.50916666666667
Singapore,SI,Asia,1990,354,209316.66666666666,22.66916666666667
Singapore,SI,Asia,1991,296,213275.0,19.115
Singapore,SI,Asia,1992,277,217000.0,17.118333333333332
Singapore,SI,Asia,1993,270,221316.66666666666,19.595000000000002
Singapore,SI,Asia,1994,316,226016.66666666666,20.570833333333333
Singapore,SI,Asia,1995,364,230441.66666666666,23.563333333333333
Singapore,SI,Asia,1996,239,235258.33333333334,17.411666666666665
Singapore,SI,Asia,1997,303,240000.0,17.220833333333335
Singapore,SI,Asia,1998,328,245016.66666666666,17.94666666666667
Singapore,SI,Asia,1999,277,249758.33333333334,13.870833333333332
Singapore,SI,Asia,2000,309,253966.66666666666,13.695
Singapore,SI,Asia,2001,305,258583.33333333334,13.983333333333334
Singapore,SI,Asia,2002,321,263766.6666666667,14.365833333333333
Singapore,SI,Asia,2003,320,268850.0,14.395000000000001
Singapore,SI,Asia,2004,335,273450.0,13.956666666666665
Singapore,SI,Asia,2005,359,278533.3333333333,15.027500000000002
Singapore,SI,Asia,2006,372,284325.0,12.395833333333334
Singapore,SI,Asia,2007,328,282466.6666666667,13.813333333333333
Singapore,SI,Asia,2008,319,287408.3333333333,12.520833333333334
Singapore,SI,Asia,2009,349,294675.0,12.465000000000002
Singapore,SI,Asia,2010,296,298066.6666666667,10.769166666666665
Singapore,SI,Asia,2011,308,300075.0,9.746666666666668
Singapore,SI,Asia,2012,392,302633.3333333333,11.801666666666668
Singapore,SI,Asia,2013,357,305121.3333333333,11.489166666666668
Singapore,SI,Asia,2014,355,307447.5,10.981666666666667
Singapore,SI,Asia,2015,329,309926.25,9.1075
Slovakia,SL,Europe,1992,796,409102.3333333333,17.8525
Slovakia,SL,Europe,1993,738,411271.6666666667,16.278333333333332
Slovakia,SL,Europe,1994,691,414571.5,15.420000000000002
Slovakia,SL,Europe,1995,735,417102.6666666667,16.558333333333334
Slovakia,SL,Europe,1996,672,419369.6666666667,14.541666666666666
Slovakia,SL,Europe,1997,630,421532.4166666667,13.674999999999999
Slovakia,SL,Europe,1998,673,423425.0,13.486666666666666
Slovakia,SL,Europe,1999,692,424850.0,14.340000000000002
Slovakia,SL,Europe,2000,729,425984.4166666667,15.006666666666666
Slovakia,SL,Europe,2001,692,425021.3333333333,14.323333333333332
Slovakia,SL,Europe,2002,717,425632.0,15.980833333333335
Slovakia,SL,Europe,2003,753,426165.1666666667,14.096666666666666
Slovakia,SL,Europe,2004,676,426767.5,12.575000000000001
Slovakia,SL,Europe,2005,679,427245.5,13.780833333333334
Slovakia,SL,Europe,2006,0,427447.4166666667,0.0
Slovakia,SL,Europe,2007,0,427721.6666666667,0.0
Slovakia,SL,Europe,2008,591,428088.9166666667,11.183333333333332
Slovakia,SL,Europe,2009,601,428478.6666666667,11.590000000000002
Slovakia,SL,Europe,2010,631,428963.5,11.973333333333334
Slovakia,SL,Europe,2012,571,426410.1666666667,10.79
Slovakia,SL,Europe,2013,616,426850.75,11.9925
Slovakia,SL,Europe,2014,554,427473.8333333333,11.068333333333333
South Africa,SO,Africa,1996,143,3147804.3333333335,0.6691666666666666
South Africa,SO,Africa,1997,104,3210679.75,0.41250000000000003
South Africa,SO,Africa,1998,180,3269372.3333333335,0.6416666666666667
South Africa,SO,Africa,1999,279,3325630.0,0.9058333333333333
South Africa,SO,Africa,2000,267,3380713.25,0.7949999999999999
South Africa,SO,Africa,2001,384,3432133.25,1.0358333333333334
South Africa,SO,Africa,2002,236,3483655.6666666665,0.5816666666666667
South Africa,SO,Africa,2003,256,3534609.0833333335,0.77
South Africa,SO,Africa,2004,383,3583822.8333333335,1.0525
South Africa,SO,Africa,2005,458,3630508.9166666665,1.2741666666666667
South Africa,SO,Africa,2006,514,3673254.75,1.4933333333333334
South Africa,SO,Africa,2007,417,3714786.25,1.01
South Africa,SO,Africa,2008,441,3640048.8333333335,1.1783333333333335
South Africa,SO,Africa,2009,372,3800587.3333333335,0.8925000000000001
South Africa,SO,Africa,2010,393,3848016.6666666665,1.0908333333333333
South Africa,SO,Africa,2011,358,3900561.5833333335,0.7758333333333334
South Africa,SO,Africa,2012,487,3957021.3333333335,1.1300000000000001
South Africa,SO,Africa,2013,587,4016058.25,1.2416666666666667
South Africa,SO,Africa,2014,580,4076010.75,1.2566666666666666
South Africa,SO,Africa,2015,482,4135621.6666666665,1.0833333333333333
Spain,SP,Europe,1985,2514,2999750.0,9.5775
Spain,SP,Europe,1986,2755,3018583.3333333335,9.985833333333334
Spain,SP,Europe,1987,2804,3035475.0,10.178333333333333
Spain,SP,Europe,1988,2960,3049775.0,10.606666666666667
Spain,SP,Europe,1989,2987,3061700.0,10.540833333333333
Spain,SP,Europe,1990,2939,3071783.3333333335,10.770000000000001
Spain,SP,Europe,1991,2916,3079841.6666666665,10.153333333333332
Spain,SP,Europe,1992,2786,3083408.3333333335,9.9175
Spain,SP,Europe,1993,3037,3093508.3333333335,10.070833333333335
Spain,SP,Europe,1994,3171,3100258.3333333335,10.360000000000001
Spain,SP,Europe,1995,3157,3106275.0,10.3175
Spain,SP,Europe,1996,3320,3111766.6666666665,10.544166666666667
Spain,SP,Europe,1997,3373,3117083.3333333335,10.943333333333333
Spain,SP,Europe,1998,3261,3121575.0,10.336666666666668
Spain,SP,Europe,1999,3220,3149105.9166666665,9.923333333333334
Spain,SP,Europe,2000,3394,3193333.0,10.184166666666668
Spain,SP,Europe,2001,3189,3226125.3333333335,9.366666666666667
Spain,SP,Europe,2002,3372,3278384.25,9.636666666666667
Spain,SP,Europe,2003,3478,3328963.0,9.7075
Spain,SP,Europe,2004,3508,3379651.9166666665,9.385833333333334
Spain,SP,Europe,2005,3399,3432956.5833333335,8.971666666666666
Spain,SP,Europe,2006,3247,3484070.6666666665,8.3225
Spain,SP,Europe,2007,3264,3545610.5833333335,8.245833333333334
Spain,SP,Europe,2008,3457,3599957.0,8.209999999999999
Spain,SP,Europe,2009,3429,3624173.8333333335,8.168333333333333
Spain,SP,Europe,2010,3158,3632946.3333333335,7.286666666666666
Spain,SP,Europe,2011,3180,3636880.9166666665,7.3825
Spain,SP,Europe,2012,3539,3693238.25,8.073333333333332
Spain,SP,Europe,2013,3873,3685635.4166666665,8.443333333333333
Spain,SP,Europe,2014,3911,3681064.25,8.695833333333335
Spain,SP,Europe,2015,3604,3682210.6666666665,8.115
Sri Lanka,SR,Asia,1985,5668,1154750.0,46.56
Sri Lanka,SR,Asia,1986,5345,1175116.6666666667,44.15
Sri Lanka,SR,Asia,1996,4898,1387868.9166666667,32.975833333333334
Sri Lanka,SR,Asia,1997,5887,1397950.75,39.34166666666666
Sri Lanka,SR,Asia,1998,5518,1408140.9166666667,37.59583333333333
Sri Lanka,SR,Asia,1999,5619,1418357.25,37.10333333333333
Sri Lanka,SR,Asia,2000,5252,1428361.8333333333,35.6075
Sri Lanka,SR,Asia,2001,4590,1438913.4166666667,29.838333333333335
Sri Lanka,SR,Asia,2002,4382,1449662.9166666667,28.284166666666668
Sri Lanka,SR,Asia,2003,4467,1460383.0,29.395833333333332
Sri Lanka,SR,Asia,2006,4015,1490963.1666666667,27.394166666666667
Suriname,SU,Americas,1985,80,26891.666666666668,39.236666666666665
Suriname,SU,Americas,1986,42,27191.166666666668,17.665833333333335
Suriname,SU,Americas,1987,52,27667.75,20.974999999999998
Suriname,SU,Americas,1988,49,28300.916666666668,17.476666666666667
Suriname,SU,Americas,1989,53,28976.916666666668,17.676666666666666
Suriname,SU,Americas,1990,26,29058.333333333332,17.840833333333332
Suriname,SU,Americas,1991,57,30256.583333333332,17.955000000000002
Suriname,SU,Americas,1992,48,30849.5,11.496666666666668
Suriname,SU,Americas,1995,55,32451.166666666668,15.21
Suriname,SU,Americas,1996,21,32983.75,7.0225
Suriname,SU,Americas,1997,32,33484.5,9.640833333333333
Suriname,SU,Americas,1998,29,33967.166666666664,8.495833333333334
Suriname,SU,Americas,1999,49,34441.916666666664,18.058333333333334
Suriname,SU,Americas,2000,52,34916.75,10.660833333333333
Suriname,SU,Americas,2001,72,35376.25,18.174166666666668
Suriname,SU,Americas,2002,69,35848.0,17.8525
Suriname,SU,Americas,2003,77,36328.833333333336,20.5
Suriname,SU,Americas,2004,67,36809.75,16.841666666666665
Suriname,SU,Americas,2005,72,37287.083333333336,17.5975
Suriname,SU,Americas,2006,112,37774.416666666664,24.855
Suriname,SU,Americas,2007,119,38257.166666666664,29.67833333333333
Suriname,SU,Americas,2008,147,38732.416666666664,34.735
Suriname,SU,Americas,2009,131,39204.0,30.809166666666666
Suriname,SU,Americas,2010,136,39671.0,35.44166666666667
Suriname,SU,Americas,2011,127,40126.75,29.4425
Suriname,SU,Americas,2012,133,40580.333333333336,37.8425
Suriname,SU,Americas,2013,131,41029.916666666664,23.900000000000002
Suriname,SU,Americas,2014,128,41475.083333333336,29.778333333333336
Sweden,SW,Europe,1987,1541,659083.3333333334,19.2425
Sweden,SW,Europe,1988,1590,660908.3333333334,19.305833333333332
Sweden,SW,Europe,1989,1579,663733.3333333334,19.861666666666668
Sweden,SW,Europe,1990,1471,667141.6666666666,18.504166666666666
Sweden,SW,Europe,1991,1483,670091.6666666666,18.128333333333334
Sweden,SW,Europe,1992,1355,672766.6666666666,16.731666666666666
Sweden,SW,Europe,1993,1373,676041.6666666666,16.7475
Sweden,SW,Europe,1994,1324,681175.0,16.3075
Sweden,SW,Europe,1995,1348,686083.3333333334,15.976666666666667
Sweden,SW,Europe,1996,1253,689525.0,14.853333333333333
Sweden,SW,Europe,1997,1201,692608.3333333334,13.9325
Sweden,SW,Europe,1998,1231,695525.0,14.65
Sweden,SW,Europe,1999,1220,698167.75,14.386666666666665
Sweden,SW,Europe,2000,1131,700750.6666666666,13.541666666666666
Sweden,SW,Europe,2001,1197,703276.4166666666,13.957500000000001
Sweden,SW,Europe,2002,1180,705485.6666666666,13.559166666666668
Sweden,SW,Europe,2003,1112,707544.9166666666,12.784166666666666
Sweden,SW,Europe,2004,1155,709526.1666666666,13.1175
Sweden,SW,Europe,2005,1219,711552.0,13.718333333333334
Sweden,SW,Europe,2006,1197,714670.3333333334,13.396666666666667
Sweden,SW,Europe,2007,1126,719096.5833333334,12.282499999999999
Sweden,SW,Europe,2008,1170,724042.0,12.973333333333334
Sweden,SW,Europe,2009,1242,729660.1666666666,13.366666666666667
Sweden,SW,Europe,2010,1141,735260.4166666666,12.211666666666666
Sweden,SW,Europe,2011,1112,740387.0,11.814166666666667
Sweden,SW,Europe,2012,1154,745742.4166666666,12.3425
Sweden,SW,Europe,2013,1230,752006.75,13.183333333333335
Sweden,SW,Europe,2014,1148,759543.6666666666,12.420833333333334
Sweden,SW,Europe,2015,1182,759543.6666666666,12.441666666666668
Sweden,SW,Europe,2016,1130,812585.2,13.884
Thailand,TH,Asia,1985,2982,3858620.25,6.878333333333333
Thailand,TH,Asia,1986,2798,3944288.75,5.9925
Thailand,TH,Asia,1987,3035,4031367.5,6.818333333333334
Thailand,TH,Asia,1990,3753,4269055.666666667,7.993333333333333
Thailand,TH,Asia,1991,3559,4328974.416666667,7.204999999999999
Thailand,TH,Asia,1992,3550,4380870.0,6.925
Thailand,TH,Asia,1994,2307,4390916.666666667,4.689166666666667
Thailand,TH,Asia,1995,4245,4530504.75,7.793333333333334
Thailand,TH,Asia,1996,4443,4589225.25,7.754166666666666
Thailand,TH,Asia,1997,4150,4654924.0,7.197500000000001
Thailand,TH,Asia,1998,4963,4724315.25,8.296666666666667
Thailand,TH,Asia,1999,5276,4792321.666666667,9.085833333333333
Thailand,TH,Asia,2000,5182,4855177.916666667,8.841666666666667
Thailand,TH,Asia,2002,4902,4855282.416666667,8.593333333333334
Thailand,TH,Asia,2003,4484,5013245.916666667,7.596666666666667
Thailand,TH,Asia,2004,4296,5057197.75,7.171666666666667
Thailand,TH,Asia,2005,3937,5098555.416666667,6.4991666666666665
Thailand,TH,Asia,2006,3608,5136376.0,5.753333333333334
Thailand,TH,Asia,2007,3754,4911801.75,6.595
Thailand,TH,Asia,2008,3778,4934731.083333333,6.515000000000001
Thailand,TH,Asia,2009,3787,4956976.5,6.546666666666667
Thailand,TH,Asia,2010,3761,4980813.666666667,6.708333333333333
Thailand,TH,Asia,2011,3873,5021819.333333333,6.465833333333333
Thailand,TH,Asia,2012,3985,5031854.583333333,6.724166666666666
Thailand,TH,Asia,2013,3961,5063873.916666667,6.63
Thailand,TH,Asia,2014,3952,5094993.25,6.413333333333334
Thailand,TH,Asia,2015,4205,5105106.333333333,6.7625
Thailand,TH,Asia,2016,4117,5344200.1,7.731999999999999
Trinidad and Tobago,TR,Americas,1985,29,84000.0,2.5141666666666667
Trinidad and Tobago,TR,Americas,1986,104,88466.66666666667,10.260833333333332
Trinidad and Tobago,TR,Americas,1987,119,89858.33333333333,12.961666666666666
Trinidad and Tobago,TR,Americas,1988,164,91300.0,19.0625
Trinidad and Tobago,TR,Americas,1989,173,89166.66666666667,16.513333333333332
Trinidad and Tobago,TR,Americas,1990,170,90708.33333333333,15.531666666666666
Trinidad and Tobago,TR,Americas,1991,148,91833.33333333333,12.795
Trinidad and Tobago,TR,Americas,1992,163,94383.33333333333,16.199166666666667
Trinidad and Tobago,TR,Americas,1993,174,95691.66666666667,13.460833333333333
Trinidad and Tobago,TR,Americas,1994,148,96908.33333333333,13.283333333333333
Trinidad and Tobago,TR,Americas,1995,184,95764.41666666667,20.24416666666667
Trinidad and Tobago,TR,Americas,1996,146,96348.75,16.363333333333333
Trinidad and Tobago,TR,Americas,1997,160,96855.58333333333,15.7825
Trinidad and Tobago,TR,Americas,1998,171,97327.0,16.336666666666666
Trinidad and Tobago,TR,Americas,1999,139,97773.0,12.11
Trinidad and Tobago,TR,Americas,2000,166,98196.91666666667,16.526666666666667
Trinidad and Tobago,TR,Americas,2001,179,98612.83333333333,17.110833333333336
Trinidad and Tobago,TR,Americas,2002,156,99066.66666666667,13.250833333333333
Trinidad and Tobago,TR,Americas,2003,144,99538.16666666667,13.1875
Trinidad and Tobago,TR,Americas,2004,168,100009.66666666667,15.69
Trinidad and Tobago,TR,Americas,2005,136,100455.91666666667,12.011666666666668
Trinidad and Tobago,TR,Americas,2006,141,100775.08333333333,11.1575
Trinidad and Tobago,TR,Americas,2007,131,101165.66666666667,11.965000000000002
Trinidad and Tobago,TR,Americas,2008,199,101611.33333333333,14.854166666666666
Trinidad and Tobago,TR,Americas,2009,128,102091.41666666667,10.02
Trinidad and Tobago,TR,Americas,2010,160,102583.5,12.541666666666666
Trinidad and Tobago,TR,Americas,2011,139,103098.83333333333,11.5575
Turkey,TU,Europe,2009,1050,5496868.25,1.7741666666666667
Turkey,TU,Europe,2010,1524,5581260.916666667,2.6408333333333336
Turkey,TU,Europe,2011,1148,5669529.75,1.9225
Turkey,TU,Europe,2012,1450,5748036.583333333,2.3666666666666667
Turkey,TU,Europe,2013,1810,5823362.666666667,2.9516666666666667
Turkey,TU,Europe,2014,1617,5910951.666666667,2.5691666666666664
Turkey,TU,Europe,2015,1532,5990038.666666667,2.3725
Ukraine,UK,Europe,1987,10050,3947850.0,24.503333333333334
Ukraine,UK,Europe,1988,9751,3962491.6666666665,23.89333333333333
Ukraine,UK,Europe,1989,10887,3980141.6666666665,26.36
Ukraine,UK,Europe,1990,10645,3997633.3333333335,24.724999999999998
Ukraine,UK,Europe,1991,10700,4016716.6666666665,24.825833333333335
Ukraine,UK,Europe,1992,11666,4040608.3333333335,26.874166666666667
Ukraine,UK,Europe,1993,12469,4056708.3333333335,29.3425
Ukraine,UK,Europe,1994,13826,4051583.3333333335,32.024166666666666
Ukraine,UK,Europe,1995,14541,4034608.3333333335,33.05583333333333
Ukraine,UK,Europe,1996,15160,4014541.6666666665,33.61833333333333
Ukraine,UK,Europe,1997,14903,3993583.3333333335,32.972500000000004
Ukraine,UK,Europe,1998,14789,3972950.0,32.512499999999996
Ukraine,UK,Europe,1999,14363,3951283.3333333335,31.338333333333335
Ukraine,UK,Europe,2000,14467,3927116.6666666665,31.4325
Ukraine,UK,Europe,2001,13131,3900497.4166666665,29.011666666666667
Ukraine,UK,Europe,2002,12536,3838334.75,28.670833333333334
Ukraine,UK,Europe,2003,12313,3808115.25,28.089166666666667
Ukraine,UK,Europe,2004,11256,3776902.1666666665,25.587500000000002
Ukraine,UK,Europe,2005,10621,3744939.1666666665,24.765
Ukraine,UK,Europe,2006,10013,3713336.1666666665,23.56583333333333
Ukraine,UK,Europe,2007,10032,3683222.6666666665,23.426666666666666
Ukraine,UK,Europe,2008,9454,3654676.9166666665,22.875
Ukraine,UK,Europe,2009,9715,3629828.6666666665,23.271666666666665
Ukraine,UK,Europe,2010,9089,3608067.4166666665,21.9225
Ukraine,UK,Europe,2011,8973,3589565.9166666665,22.0
Ukraine,UK,Europe,2012,9058,3576327.9166666665,22.372500000000002
Ukraine,UK,Europe,2014,7968,3372013.75,20.875
Ukraine,UK,Europe,2015,7574,3362120.5,20.393333333333334
United Arab Emirates,UN,Asia,2005,96,356702.75,1.3375000000000001
United Arab Emirates,UN,Asia,2006,90,410323.25,1.3791666666666667
United Arab Emirates,UN,Asia,2007,101,474615.75,1.3325
United Arab Emirates,UN,Asia,2008,100,542529.8333333334,0.9883333333333333
United Arab Emirates,UN,Asia,2009,124,604373.3333333334,0.9775
United Arab Emirates,UN,Asia,2010,111,653311.3333333334,1.8925
Uruguay,UR,Americas,1985,287,228116.66666666666,14.884166666666667
Uruguay,UR,Americas,1986,262,229800.0,14.3725
Uruguay,UR,Americas,1987,258,231575.0,13.7025
Uruguay,UR,Americas,1988,268,233300.0,13.705
Uruguay,UR,Americas,1989,344,235058.33333333334,16.371666666666666
Uruguay,UR,Americas,1990,315,236166.66666666666,15.055833333333334
Uruguay,UR,Americas,1993,418,241352.33333333334,18.584999999999997
Uruguay,UR,Americas,1994,406,243358.0,17.833333333333332
Uruguay,UR,Americas,1995,427,245318.0,19.828333333333333
Uruguay,UR,Americas,1996,393,247273.16666666666,15.660833333333334
Uruguay,UR,Americas,1997,456,249305.16666666666,19.4925
Uruguay,UR,Americas,1998,521,251240.58333333334,22.006666666666664
Uruguay,UR,Americas,1999,450,252902.75,20.301666666666666
Uruguay,UR,Americas,2000,555,254180.75,22.855833333333333
Uruguay,UR,Americas,2001,499,255085.33333333334,19.676666666666666
Uruguay,UR,Americas,2002,675,255438.08333333334,27.640833333333333
Uruguay,UR,Americas,2003,535,255481.0,21.604166666666668
Uruguay,UR,Americas,2004,520,255540.75,21.540833333333335
Uruguay,UR,Americas,2005,498,255848.16666666666,20.109166666666667
Uruguay,UR,Americas,2006,528,256453.75,20.675833333333333
Uruguay,UR,Americas,2007,576,257329.75,22.1925
Uruguay,UR,Americas,2008,523,258399.25,19.544166666666666
Uruguay,UR,Americas,2009,511,259525.5,19.8125
Uruguay,UR,Americas,2010,547,260608.83333333334,21.4525
Uruguay,UR,Americas,2012,599,262661.5833333333,22.02916666666667
Uruguay,UR,Americas,2013,546,263722.5,20.7575
Uruguay,UR,Americas,2014,591,264803.75,20.72
Uruguay,UR,Americas,2015,630,265899.5833333333,22.501666666666665
Uzbekistan,UZ,Asia,1990,1459,1430475.0,10.78
Uzbekistan,UZ,Asia,1991,1393,1445650.0,10.348333333333334
Uzbekistan,UZ,Asia,1992,1344,1521416.6666666667,9.274166666666668
Uzbekistan,UZ,Asia,1993,1355,1542441.6666666667,9.313333333333333
Uzbekistan,UZ,Asia,1994,1419,1595391.6666666667,9.237499999999999
Uzbekistan,UZ,Asia,1995,1485,1633250.0,9.275
Uzbekistan,UZ,Asia,1996,1699,1654541.6666666667,10.421666666666667
Uzbekistan,UZ,Asia,1997,1554,1697025.0,9.215
Uzbekistan,UZ,Asia,1998,1620,1738433.3333333333,9.025
Uzbekistan,UZ,Asia,1999,1795,1777493.0,9.444166666666666
Uzbekistan,UZ,Asia,2000,1919,1815755.5833333333,10.025833333333333
Uzbekistan,UZ,Asia,2001,1914,1852627.25,9.66
Uzbekistan,UZ,Asia,2002,1576,1886021.3333333333,7.94
Uzbekistan,UZ,Asia,2003,1416,1915240.25,6.838333333333334
Uzbekistan,UZ,Asia,2004,1251,1941736.75,5.669999999999999
Uzbekistan,UZ,Asia,2005,1221,1966695.5833333333,5.650833333333334
Uzbekistan,UZ,Asia,2009,1399,2107341.8333333335,5.071666666666666
Uzbekistan,UZ,Asia,2010,1464,2137648.5833333335,5.269166666666667
Uzbekistan,UZ,Asia,2011,1640,2164837.4166666665,5.595
Uzbekistan,UZ,Asia,2012,1835,2198485.8333333335,6.460833333333333
Uzbekistan,UZ,Asia,2013,1950,2236577.0,6.571666666666666
Uzbekistan,UZ,Asia,2014,2095,2276125.5833333335,7.093333333333334
